,Actual_Next_Tmin,Predicted_Next_Tmin,Actual_Next_Tmax,Predicted_Next_Tmax
0,23.7,23.865756421610058,29.1,29.38869991952896
1,20.6,20.142748771512856,23.9,23.57169301964342
2,20.4,19.404483862637676,24.1,24.477048765271377
3,27.2,25.949238991238644,32.2,32.531000919116195
4,24.6,23.503462233366804,25.8,25.254548473333102
5,23.1,23.932592992269747,29.3,29.995865575084792
6,20.6,20.492868821845832,27.5,27.34062890144645
7,25.1,26.61211872631759,28.4,32.72565434462979
8,23.0,24.87163610128823,30.5,32.71175602199912
9,21.5,21.472022192028362,27.9,28.68770401997847
10,25.9,25.233673920816045,33.7,33.2378211298016
11,19.2,19.30762629695755,30.2,28.987554079383585
12,21.3,21.06334534791847,25.3,25.33821823451973
13,24.5,24.435055942675717,32.5,32.78781788237086
14,21.6,21.737233112310037,24.4,24.932748384261743
15,20.6,21.28791582857707,30.2,29.103479644649894
16,26.3,26.064305090498806,32.1,32.38352438956957
17,28.9,27.012840985632806,36.8,35.066020036699
18,25.7,25.356410649478562,33.6,32.400287742343096
19,26.5,24.451631821593764,30.5,29.202503820378467
20,26.4,25.194742432224416,29.7,29.201778004115795
21,23.0,23.137525544209325,31.7,30.8033580802703
22,24.0,23.753994694577955,29.0,29.129386828050144
23,24.8,24.72372962808845,33.5,33.79133549102244
24,22.8,23.109741458122926,29.4,30.72451194302903
25,25.2,24.477803744471316,33.8,32.77493344164475
26,23.8,24.100023202794773,33.2,33.040484908084636
27,23.0,24.22893795365121,31.3,31.50247736278169
28,25.9,25.85208805066702,32.5,31.093047860832314
29,23.7,23.44411661604329,29.5,29.963149854198207
30,24.9,24.196686057983243,30.8,29.630572651775708
31,23.9,23.607283923676277,28.7,28.207111950556055
32,19.0,20.78057132331685,31.3,31.069739003943937
33,22.4,22.72144152636554,31.1,30.018806364787963
34,23.1,21.036714505296914,30.0,28.742352798337606
35,23.3,22.941604215301595,28.8,28.116886867402798
36,25.2,23.79544974241537,30.0,30.246786215497593
37,21.3,22.150489543568483,34.1,32.35423122341905
38,25.4,23.539099761433363,31.3,30.073947758605186
39,24.3,23.327671753724758,26.8,26.87004634564903
40,19.8,19.036155816134055,23.9,25.247974966724087
41,20.1,18.930218934555455,23.0,22.462994727982505
42,20.1,19.59620483128606,25.2,24.955190384530397
43,18.8,18.25028795137166,24.5,24.680871335745394
44,25.4,24.93460086824166,33.1,33.15912217411568
45,26.1,26.544155773274838,31.9,33.18080110625391
46,21.2,23.013897018928674,32.1,31.57936701865026
47,21.1,21.948762537583093,31.2,30.58546494999871
48,25.1,23.516904445099044,33.7,32.65874633118892
49,23.6,24.574293685231964,27.4,29.105782584347594
50,26.7,26.08143671839798,32.1,30.619535363869147
51,22.6,19.988461015222924,30.4,29.873950895077257
52,22.1,21.677046335482146,30.4,30.01502999650677
53,21.7,22.137689846996068,28.4,28.887352093538084
54,19.3,20.241216791857482,27.8,27.042488254402087
55,22.7,22.90651636485711,31.2,30.92876413910784
56,23.1,22.269029219913932,27.9,27.382571794774492
57,26.6,26.14589327569172,33.9,33.23401474564065
58,22.3,22.11248718949514,31.0,29.971343998158318
59,22.4,21.58721633189441,32.6,31.349984156245
60,25.0,24.505445307322475,28.9,28.22666317075084
61,25.2,24.134904912501725,33.8,33.37042699859006
62,21.8,21.051535184301883,28.6,27.502139963264767
63,25.2,24.96756179916349,32.0,32.87794625626873
64,20.1,20.948249461865657,29.4,29.17845573365173
65,23.4,24.21369223233137,29.1,30.52137765374073
66,20.6,20.34742827526611,26.7,25.828283320747573
67,24.7,24.723700241232905,27.5,28.715475032273673
68,21.8,24.05139220853107,32.1,31.39557191732564
69,22.1,22.18948303118748,26.5,26.457079198393842
70,19.1,20.058385063962874,27.2,26.73290570378674
71,23.0,21.721708167559996,27.9,26.943198215055816
72,23.4,22.712624016061227,30.6,29.987344705618625
73,24.3,25.64495747553076,33.2,33.474269029815616
74,23.2,23.023260941369358,29.9,29.078583768576664
75,23.2,23.92748934785891,29.7,30.17049622790762
76,19.5,21.086438905767864,21.9,23.61904323880549
77,23.2,22.430000864547765,26.9,26.37599360260367
78,26.5,26.870821978954723,31.3,32.82319635099702
79,26.3,25.913653280975154,33.7,33.05284436070252
80,24.8,24.33853595182802,28.9,28.251113591189267
81,20.5,20.528400292817423,29.2,28.82016433166666
82,24.4,25.2943712275777,28.9,29.00009189411611
83,24.0,24.746843993495418,30.0,33.35848695263684
84,21.8,22.27412336564271,31.0,30.48805161184714
85,22.6,22.413767990281485,28.6,30.534076887225638
86,24.5,23.881042706774906,29.6,28.91512668914538
87,22.2,21.72075015536268,29.0,27.29212303611814
88,21.4,22.06250259660385,27.5,27.595234069258026
89,24.2,22.78966818906781,32.6,31.75909503344127
90,16.8,17.20677007811969,22.8,22.416508967765083
91,23.5,21.784545690650702,28.1,28.2007853220656
92,20.8,21.02378278670642,26.9,27.515679297786733
93,24.0,23.62916279949252,29.0,29.2554070898978
94,24.1,23.986944505768975,32.7,33.040285942720516
95,22.0,23.25862801883909,29.8,29.671890440930042
96,24.5,23.984170395034084,32.2,31.812770264344636
97,24.5,26.500035838179997,33.5,33.31209966406868
98,24.0,23.80019637311807,27.3,27.850349787835057
99,22.4,23.26901155247367,27.4,28.99391432158791
100,18.3,19.355263606881294,27.4,28.66716528106167
101,23.5,22.741771076349096,30.0,30.354619707596896
102,20.7,20.907083166365737,29.2,29.378375282739853
103,24.4,23.651347605599085,31.6,30.93529960939628
104,23.3,23.845464928150022,26.2,29.22061817222368
105,26.2,25.77080070983925,33.8,33.776956895153205
106,19.7,19.01481090832749,30.5,29.582280557613046
107,20.9,21.882930449444643,28.5,30.45360112393155
108,21.4,22.68096537013662,29.9,29.59403091855677
109,23.8,23.125507087994947,30.1,29.455663000371146
110,24.2,25.41883330983933,32.1,31.956492308791894
111,24.6,23.346821078411153,25.6,25.088439931448534
112,24.3,23.63035108156373,29.7,29.364300488704146
113,25.9,25.25376866753129,29.0,28.30124040710723
114,21.9,23.32917686706935,30.3,29.90124960745129
115,23.8,25.174428158218348,32.4,32.87602988054289
116,27.8,26.7010675728352,33.8,32.738378755861106
117,23.8,23.267681448676512,29.6,29.623982771268572
118,25.0,24.625604669029713,33.2,33.141648128636916
119,26.7,23.96435103123656,32.9,31.2288760284585
120,21.3,23.11354292319527,24.0,30.641529599557998
121,23.8,20.80063882134675,35.0,31.91798542381872
122,20.6,20.9013849435745,26.5,26.430497928952263
123,22.8,22.828308943852676,30.6,29.74759182038963
124,15.3,18.7448495122876,27.6,28.50278228788261
125,23.9,24.019595997976126,28.2,28.520122208834266
126,21.2,23.3081162809807,30.8,30.564339510087564
127,22.1,23.552388197462392,25.9,30.741069606475207
128,17.9,21.206148687012387,24.8,29.13071082207358
129,24.3,24.381990512521043,31.8,31.91165139919275
130,19.0,19.504176062238685,24.5,24.34974654958006
131,24.1,24.792624857013266,33.6,32.8312396787249
132,24.9,26.626088596703426,28.8,31.515006022719888
133,22.8,22.265129365818666,25.8,25.87535833791668
134,19.5,20.53225434687215,24.7,25.404635839546927
135,26.6,26.53567281541575,35.0,35.41569750154002
136,20.3,20.672134957177377,29.8,30.698018790005335
137,20.8,20.368576689367387,30.8,29.370444593596346
138,19.2,20.42174094199993,27.8,24.595033729824934
139,21.9,23.811757347560615,30.8,31.065013313981524
140,22.9,23.714576154564384,32.7,31.600618749834098
141,23.3,22.866881682506687,32.7,31.87627538990688
142,22.6,25.013003648717586,30.1,32.049238064089536
143,25.2,25.027297060475235,28.1,27.815103645044417
144,23.8,23.733372586624455,28.5,28.32311583358421
145,18.8,20.478830474175425,28.9,27.984304501654833
146,24.5,24.245421727283883,32.5,31.60030597087308
147,23.7,23.5204536730746,29.4,29.58520703782966
148,22.3,21.74019333092258,30.4,30.085399920026532
149,25.3,23.662592639499394,33.8,32.26147880103849
150,20.4,20.399778991939797,28.0,27.38757174485977
151,23.0,22.30584339531174,27.7,28.21424065333838
152,25.9,24.96920613947941,32.5,32.884885589797534
153,23.1,24.562721621850415,33.6,32.72303165857085
154,18.4,19.934692190151623,25.5,27.559464698331908
155,23.9,23.044096388530875,26.4,25.825600445003147
156,24.2,25.251287852340056,31.0,31.725933346004695
157,22.6,22.11934299202926,30.6,29.49524713297137
158,26.4,26.656540615528115,31.1,32.16032169136514
159,21.7,21.950260090253323,25.4,25.799817091523835
160,24.3,23.443346012168035,31.1,31.888784309924915
161,20.4,20.70240672302714,27.6,27.51484506395252
162,22.4,22.3784473751615,30.9,29.610079682004198
163,19.9,20.952918074695617,28.5,27.746426389999897
164,22.3,23.03565686603679,31.6,30.94789017982646
165,23.6,23.10295079022535,34.5,31.660400572545257
166,25.8,25.22774178053828,32.6,31.664664295324258
167,23.5,24.401154605031138,32.4,33.53942045031704
168,24.0,23.379384212133914,28.7,29.53769176912499
169,22.0,22.221877391827434,29.9,29.50163835501661
170,26.9,25.040388884726553,33.5,32.71971123196943
171,24.5,23.69915756152784,29.4,29.08136839995973
172,20.4,19.84668473962779,23.0,23.382750243529927
173,24.0,24.20913976331417,33.0,31.153103416447095
174,25.7,24.96409905780456,28.7,28.302699429946017
175,23.8,24.30531946980807,28.9,28.81216245153388
176,22.4,21.79355514791655,30.2,29.598029613457072
177,23.2,23.469056312165776,26.5,27.127248922326316
178,22.2,23.130168316044546,25.4,26.80771934972819
179,25.1,24.212955065108076,32.0,31.606276379034682
180,25.6,24.350096842603534,32.3,31.313044701531282
181,26.4,25.13207898950168,31.8,30.654840093822315
182,20.6,20.982001332950176,27.5,27.103641845921004
183,24.3,23.64466347507016,35.2,33.320900288381154
184,19.1,21.12110621772706,31.7,33.824699754885444
185,21.2,22.805525402332933,32.8,34.56632551027627
186,27.9,23.8306102334044,36.1,34.83769622928918
187,22.8,22.507845622704963,23.6,24.287033140983
188,23.6,24.0784969898059,25.6,28.05612795239739
189,20.5,20.040470746787946,27.7,27.722172841122187
190,24.3,23.964900415151533,30.5,31.19024500040905
191,23.1,22.290636335918634,30.1,30.063956830522898
192,23.1,22.19588572052396,30.6,31.238737782947
193,25.0,24.227028996158992,30.6,28.52059712514267
194,20.6,23.642092864335268,24.4,30.82485002575538
195,24.3,24.07804018846582,32.9,32.493528783657155
196,22.3,22.22605693569278,31.9,29.826543458323385
197,26.2,25.513311249984895,32.6,33.28658419282044
198,23.7,23.536845187985364,29.7,27.938717883753327
199,17.7,19.694521992884916,27.2,27.94145744120914
200,24.7,24.19266184896526,31.9,31.311746776713164
201,19.9,21.96727904007264,30.0,30.62784344383067
202,21.3,20.636477351723556,24.4,24.082700841198914
203,21.5,21.447243412693865,30.3,30.556255326160453
204,21.5,21.869055237167117,26.6,27.55112600591565
205,26.3,25.129624499077522,32.5,31.219140927092212
206,22.3,22.595901553770545,24.8,25.812812769223456
207,22.1,21.84735718686568,30.7,29.48566892605578
208,20.9,22.657360070093205,32.8,31.850924375720297
209,21.1,22.744249494817495,30.1,30.32394855432551
210,24.8,24.47656479359739,33.4,33.98077186154569
211,21.6,20.48059376959543,28.8,26.950325156914573
212,21.1,21.525019202776434,33.8,33.23743043981102
213,21.5,23.4296530453513,31.0,31.113765788355977
214,23.8,24.259297847280095,31.6,31.6273681922965
215,19.2,17.041600596156627,29.8,29.984766036323435
216,22.1,22.681246587492865,27.5,27.406609993549864
217,21.0,19.924739948263095,26.6,25.936187465546368
218,25.1,24.00787541018019,26.8,26.466351886684606
219,21.7,23.256860419422424,32.0,31.13022707610935
220,22.5,23.190672144615633,30.4,32.11049787607209
221,18.7,18.966613121122123,24.0,24.901645201318786
222,26.6,24.71549816047184,29.8,28.486075425418278
223,23.1,22.771636916249236,31.3,31.00447224719926
224,16.5,15.328871130325524,23.0,22.791917780223173
225,26.6,26.719361086095432,33.7,34.66985329166448
226,20.6,20.467536641934657,28.8,28.474827332754444
227,21.0,20.592594896059836,23.7,23.468224136343792
228,22.2,23.465652403106105,31.3,31.614625080765165
229,23.3,22.479955638099796,27.3,27.489862448240387
230,22.1,22.8661920560304,29.8,30.160601931135034
231,23.5,22.400284219972264,29.2,30.270047549452386
232,25.0,26.549335947667714,35.5,35.45730667748256
233,25.8,25.6905900324374,28.5,29.506654206477606
234,21.6,21.821323983627735,32.4,31.99651015905863
235,22.9,22.407551184464296,27.6,27.78259082274451
236,22.5,21.4689818813672,30.4,29.952203860704515
237,25.4,25.132402248761537,33.2,32.33081835610983
238,26.3,26.067250412910766,32.5,32.43708444641982
239,25.6,25.087096489239684,30.4,31.901113751864727
240,25.5,25.245053984234573,28.5,28.691887331771454
241,23.8,24.636352822463778,31.5,31.598627649914476
242,21.6,21.522324063097813,28.9,30.369430915258874
243,23.3,22.839144713486007,29.2,29.698309324269417
244,23.8,23.597561760897065,25.2,25.179562522906167
245,20.7,20.58005053462523,29.6,28.933385096910513
246,20.5,19.94522111413437,28.4,28.397069525687584
247,21.3,20.697309300705,31.5,29.033429243052638
248,20.9,23.371456342604915,25.4,29.08859095839466
249,15.9,18.924770107941526,22.7,24.167393162787164
250,25.5,24.895652926679645,30.8,31.61313702759287
251,21.5,23.556413449156594,29.4,28.83155931919174
252,22.8,22.555532384144612,27.9,27.707853747317415
253,24.8,23.79444475547416,27.6,28.575058263981532
254,23.3,24.63201905294261,30.1,29.5379771129422
255,21.0,20.258836514695986,26.7,25.97847604755549
256,20.5,23.39534248822372,30.5,30.551191606602686
257,27.1,27.292107283319524,33.0,33.280000151004856
258,22.2,21.72230322708208,31.1,29.870641618420848
259,24.2,23.81943201635545,27.7,27.48527624356757
260,26.2,25.475876566926104,30.4,29.744217926819147
261,23.8,23.493958027944586,26.7,27.04795754291183
262,19.5,19.735865213670195,29.1,27.207173953142956
263,23.1,22.697958970161153,30.3,29.22228152377761
264,21.1,21.336173358378232,30.0,29.984554570640796
265,21.9,24.34832043164215,32.5,32.94210956036511
266,20.2,20.03613357581696,27.5,27.103867360278514
267,22.1,22.49287086261984,28.4,27.005088302664205
268,25.5,25.63129518672224,32.7,31.74192667909972
269,24.7,24.618353115416767,29.2,29.86763471816795
270,27.7,24.512238685698435,35.9,33.18118627788573
271,24.4,23.531052975217108,33.6,32.280121838417074
272,21.1,23.293784627548803,30.1,29.62930431863515
273,21.7,22.58791600049642,29.1,30.65267318278211
274,23.3,22.601098951070867,30.6,30.736831542081006
275,21.9,22.147874270685065,24.7,25.535263772977544
276,22.9,22.000562113157912,25.6,25.336404163530005
277,26.8,25.555001181940497,33.7,33.83919502785244
278,26.6,25.74714640554089,33.6,31.670130580157263
279,20.6,20.462170459441836,26.0,25.601231847081976
280,22.5,23.472605662135834,32.8,32.11088231404051
281,24.0,23.365978837214243,29.1,29.3668398268195
282,23.0,21.53099809151695,28.5,28.808937910839802
283,25.2,24.809102684564778,29.2,28.107506390843923
284,20.5,22.414698819675323,29.3,28.26012654785194
285,24.4,23.377900143108604,30.6,30.777035900938756
286,25.5,23.913220721727157,31.5,30.54327698353279
287,20.5,20.58168212499288,27.8,27.718388808917837
288,24.0,23.125221904561613,28.0,26.8237149534757
289,22.8,22.723653397562202,29.9,29.39182716606979
290,21.1,19.6917025379488,23.7,23.43714784284998
291,27.1,25.979948526865996,31.8,31.599885744915298
292,24.8,24.16253674772588,32.3,33.3199040638529
293,25.6,24.29859392297635,27.7,28.826648541705254
294,27.8,26.63502353962633,35.9,34.14401926875445
295,21.1,22.27375579369982,30.6,30.416870560563837
296,27.7,26.416254062055827,34.7,34.57606300633819
297,22.6,22.505939393007566,26.8,26.802266277224078
298,24.5,22.8903958405333,25.9,25.479001663103645
299,22.4,21.011273979015527,32.0,32.65268902686137
300,24.2,23.503921355759644,29.5,29.24918206453941
301,23.7,23.353186955724937,32.0,31.862463235961627
302,24.5,23.465896014959185,27.9,27.12280858633511
303,19.4,19.329410450524847,24.4,25.183297310426155
304,25.3,24.120165701711358,34.9,32.98797070173907
305,24.1,22.92909153940934,31.0,30.729075098236137
306,23.9,23.54133416550701,28.1,27.380274546709757
307,20.7,22.08033723323183,29.1,29.67449859178538
308,27.1,26.787919854747543,32.6,33.54764199421555
309,23.3,23.289180172642432,25.5,25.823220328342927
310,22.8,22.16207766484399,24.3,23.67677582668989
311,23.8,22.631034059777562,27.5,28.434690747950526
312,21.5,21.4917760403074,24.0,24.81023105661643
313,25.0,25.074068164791356,34.3,32.63755835339771
314,22.7,23.001563079826155,32.5,30.54471226278457
315,21.6,22.351197636181496,28.8,29.6031184092858
316,18.5,20.674080375644508,27.4,26.989205980386146
317,24.0,23.21187684259803,28.5,28.692181464895043
318,21.3,21.49041605441664,23.4,24.340944627271142
319,20.3,20.655393601592323,23.2,24.392671352929767
320,23.6,23.59199215747867,25.8,26.29055583345803
321,22.8,23.203477215647126,26.3,26.422176718496132
322,20.9,22.191707026883364,26.5,27.702984358315632
323,23.6,22.931247231873613,29.8,30.74032936624883
324,23.9,23.927975095073975,33.3,33.06607236426447
325,21.6,20.838753408924504,28.6,30.350385919536677
326,20.6,19.141725189245108,30.8,29.09775818749108
327,25.0,23.999612955359453,27.8,27.990380355825835
328,14.2,17.787638106730697,25.2,26.92366600776029
329,22.4,22.752576702519377,27.0,27.014775665142736
330,28.6,27.11298871257054,31.7,31.172274493022655
331,24.1,23.12458177822907,29.7,29.1309814092441
332,21.5,20.888877684236604,24.9,24.501434296955665
333,23.3,23.441870620231043,29.6,29.01344919420643
334,23.0,22.207812673776402,34.0,32.304324778075966
335,27.2,27.27140509026765,34.9,34.62687790683549
336,22.1,21.402550084912832,29.5,29.78562457104806
337,20.0,20.738322822705186,23.0,24.378228646243542
338,27.6,26.098195541883683,34.6,35.03072664549654
339,25.4,25.69788420906559,29.3,29.36241330331177
340,24.3,23.991638935484048,27.3,27.47844063412191
341,22.4,23.58330177683831,29.3,30.175639108600592
342,21.1,22.578705525238547,26.3,27.727676841453047
343,23.6,24.326672064857235,32.7,32.25027639632697
344,20.5,21.464385267728744,30.7,30.100812720886438
345,24.1,23.564664349423083,29.3,27.907284804437097
346,22.5,22.086101750553325,26.9,26.55485957372855
347,22.3,22.21478276038772,30.7,29.857112884531887
348,22.1,21.94028962291759,30.9,32.08837788684252
349,25.9,25.14980299044157,29.2,28.235424575822435
350,22.9,22.188449189584617,27.0,27.337854673327058
351,23.0,22.514664024607214,30.5,29.359099551257145
352,23.9,23.454327031162165,32.5,32.70999295065758
353,23.3,23.6490068111558,30.4,31.03615628057213
354,22.4,25.772203916909916,28.2,31.69490931866153
355,23.9,24.24119609678405,27.4,28.514908763331903
356,17.9,19.221842786591992,28.7,29.25072084206232
357,25.2,24.785076866140116,32.5,31.479375052976877
358,23.4,24.378663106463478,27.4,28.100372951409838
359,23.5,23.187880530969892,27.6,26.059590728289493
360,23.6,23.74321907738772,30.2,31.374631993937896
361,24.4,22.163783322160953,29.0,30.23982999422003
362,23.0,22.378157575004366,29.4,29.166075013622446
363,21.9,21.546343547793526,29.5,28.632193375567795
364,21.3,23.096894103757677,30.0,31.0414864089484
365,27.8,26.60852713006932,35.7,34.937170202379946
366,22.7,21.947716026974035,26.8,26.284274402369363
367,25.0,24.906444378944457,33.4,32.0336107098957
368,22.7,23.56907651113488,29.7,29.794880180024904
369,24.0,25.079955447718362,27.5,28.830889017773416
370,25.6,25.248233661003724,30.5,30.99723005952626
371,23.3,23.633270548332348,33.8,33.0020285667519
372,24.5,22.98398526689016,31.2,30.908864728684932
373,26.3,26.20442218973642,32.0,33.27437025206501
374,23.0,24.840698951691593,30.7,32.0509194299558
375,24.9,24.363229340696307,31.6,30.829187479157383
376,21.1,20.154026979800733,27.7,27.74721032100865
377,24.9,25.518198124944092,27.3,28.029474963504242
378,24.1,23.64846029705643,32.1,31.280837951395824
379,25.9,26.42876361405399,33.5,34.151309724965415
380,23.9,23.006402595121585,25.4,24.79042507878171
381,25.2,24.035078263198216,29.0,28.798199848116838
382,23.8,23.50664763413147,27.1,27.16538980771776
383,25.1,24.878505189412294,32.4,32.06924623939466
384,21.5,20.123978484357053,28.5,27.751121051170173
385,22.1,21.28008337510869,30.1,28.66338860225636
386,26.6,25.788922414348917,33.4,32.79216328415322
387,24.2,23.67391047010142,26.0,27.040450944422673
388,24.7,27.197720810804526,27.5,33.846040849408496
389,26.3,25.968795973827127,31.9,31.27485722554195
390,26.8,25.720319695635567,30.4,30.11897013403899
391,18.0,16.856532432094014,24.4,24.255376388938714
392,22.5,23.03780892349687,26.4,28.191228206261087
393,26.0,25.995268705410695,33.1,32.31621014450093
394,23.6,25.4689230425073,32.2,31.964878801166833
395,21.6,22.659906572894442,31.8,33.48065159267372
396,25.7,24.96513047315193,34.1,33.44721116092728
397,27.0,25.817397150155102,32.9,31.78198711015915
398,26.8,25.458239474742413,34.1,32.52176134840681
399,23.7,26.358011950923242,32.1,32.816164957670026
400,20.8,20.57027253935678,23.2,23.541561935723735
401,23.2,22.43294163749181,29.3,27.866896622360287
402,24.7,24.35642879299496,27.9,28.377031830980457
403,20.0,20.605347939696685,27.3,26.868278561070895
404,20.5,21.040032333100726,28.8,28.624822103936253
405,21.3,23.573606776336987,27.0,26.673656503540883
406,24.8,23.235257190882407,28.2,27.779775680572357
407,23.1,23.377478351397258,31.6,30.984743604362222
408,21.8,21.880095135018223,32.1,32.08617107109632
409,24.7,26.617254422556016,31.7,33.06994421621579
410,25.1,25.16320861784186,33.6,32.636631435937204
411,19.4,20.361198758262276,31.6,31.09744757275149
412,25.0,25.508833425171474,27.5,28.818735865286158
413,23.1,25.023538248831187,29.4,30.306457785904
414,27.6,26.29187439869179,32.2,31.483596807226263
415,21.0,20.670145968590532,31.0,30.18730521516386
416,24.8,23.239080516979698,34.2,32.81630035666706
417,23.4,22.119942873087666,30.8,29.497778710347234
418,22.3,23.42179954389644,30.5,33.230714007809866
419,21.1,21.11554153416705,24.3,23.97901462959578
420,23.8,24.11015481228435,29.6,29.960843919783827
421,22.9,23.321611618800034,30.7,30.08955023002892
422,23.5,23.580130752258015,26.1,28.57192751715587
423,27.3,26.04048068763393,33.6,33.28371372948385
424,26.5,25.787775027258135,33.2,33.72654499518842
425,26.0,26.41543945625756,30.8,31.232283409008346
426,18.4,20.062255803534185,24.9,26.058208580694213
427,21.8,21.180785043956348,30.4,30.4553808841315
428,23.5,23.484824606304755,33.0,32.70874462529849
429,21.8,19.852917403147444,30.4,30.518177843178535
430,21.1,20.901738711309804,26.3,26.49687911672953
431,23.4,22.671201838744537,29.9,29.79692454197243
432,23.2,22.187987325011704,29.6,27.917390790083346
433,23.9,22.982410041454727,27.2,26.531627602839137
434,25.0,24.357688513409926,26.7,26.903855448539844
435,20.0,20.171449014126324,22.6,23.594145449053713
436,24.0,23.45577527611033,30.9,30.73101135451975
437,19.1,19.14857294257149,25.2,24.96860410378241
438,19.5,21.36438811874598,31.6,30.382143985974835
439,20.4,21.859394077202296,30.8,30.768803649808603
440,24.1,23.54016455753697,25.4,25.486117368667465
441,23.6,24.06034430478155,31.6,32.71656107985092
442,25.9,24.186905501695378,28.1,27.59839331953799
443,21.7,21.837147650909174,30.4,29.522987886245687
444,25.0,24.531503035034234,30.5,29.105526067931976
445,26.1,24.798607521357894,32.0,31.59263369140905
446,25.0,26.06588485041584,32.9,32.25881582850741
447,26.2,26.128669809926237,34.0,32.85439661657517
448,21.5,21.922668620308286,28.6,27.603918246237413
449,23.5,23.379827495323298,29.4,31.06428715139549
450,22.5,22.101216100208262,29.9,29.784518813057787
451,22.5,21.714701528204955,30.2,30.47311300067105
452,26.7,26.050120173541927,32.2,32.15590302425619
453,21.6,20.253445042225735,29.1,29.162239291771186
454,22.8,24.116645138800777,30.6,30.44881825348773
455,22.5,21.818901794933936,25.8,26.381225687925507
456,24.6,24.720494534573163,34.0,33.27013402135668
457,21.5,21.640585189999456,28.6,29.115884518314317
458,22.9,20.78549221593073,29.5,29.29068865266794
459,28.0,27.636456620189733,35.0,33.7272181530264
460,23.4,22.485139120559438,30.4,28.565574645710853
461,27.0,25.811679460869527,34.8,33.870901831105755
462,21.3,21.192119554549777,26.9,27.7489474966402
463,20.6,20.71718799949099,26.4,26.237991133878324
464,24.4,23.613377276034385,25.4,25.852173147603935
465,26.8,26.485992546811417,35.2,33.90837047005397
466,20.4,20.13240529103689,27.1,27.213204630989537
467,25.3,24.842124051069277,32.3,31.83903279071444
468,21.1,22.292874569046262,29.5,29.999921735251917
469,21.3,20.16480121880886,27.6,27.56270772067529
470,24.8,23.94516835152797,34.4,34.05286443784394
471,21.6,20.962746006610473,27.6,28.777024373666563
472,23.5,23.79649786584025,33.5,32.9780905077551
473,23.0,23.68110467079066,27.5,26.593411430424624
474,25.2,24.12561001859683,33.8,32.93054188706731
475,23.6,23.516062288997432,28.0,28.226653947661134
476,27.0,26.63670476658342,36.5,35.395336263194054
477,23.6,24.410622801678983,30.0,29.909944610227058
478,26.0,25.984943382505662,28.6,28.26397052309278
479,19.8,19.45740820438084,29.1,28.692708719050927
480,22.7,24.597648094409465,32.0,33.20252418724414
481,27.6,27.16536054954588,31.9,32.62211821759968
482,23.4,22.623203182965995,28.2,27.812619975701352
483,24.1,25.31302380257,27.7,29.14922607352338
484,19.4,19.14239671031794,26.5,26.012373701751528
485,24.2,24.724978688846818,29.0,28.92320988690932
486,27.1,27.24143262895609,32.0,31.67406314068876
487,20.1,18.853194432831742,30.3,24.395770094931038
488,25.9,25.370035278662385,31.0,30.352170987543957
489,22.6,20.968404867785353,26.4,25.428510698043794
490,24.7,24.908508866064153,31.6,31.695915356436785
491,24.3,22.186153700573982,32.2,32.53690024306394
492,17.2,20.38898070520179,29.5,27.940006104319593
493,26.9,26.846775745880564,32.9,34.07565291782146
494,21.5,22.665725640157007,32.6,35.12296109316583
495,25.8,26.25546197786366,32.2,31.93560039066159
496,20.3,20.049818450716202,25.0,25.010159344728493
497,25.4,24.541722475795837,28.5,28.411919179835934
498,22.2,20.700877697216242,28.8,28.92199670085546
499,22.6,22.748830756823963,28.0,27.437680273985336
500,24.8,24.01238464154312,28.3,28.42391036809113
501,18.5,18.86948652909291,23.1,23.256667380913484
502,22.1,24.061029029572296,30.3,30.097007705227554
503,17.6,17.774528819000352,22.3,23.960964273209925
504,22.0,21.01810186632497,29.9,28.639168050557203
505,22.3,22.416498236013467,31.9,30.90508555381666
506,23.6,23.131605500487694,28.2,28.404113906566295
507,17.6,18.066841190329797,25.1,25.42056147705648
508,24.2,24.110790136254423,29.8,30.03252472181731
509,24.7,23.35494233389568,28.7,29.01101531694343
510,27.6,26.304413940788095,33.7,32.711485926615694
511,25.9,24.314218638024272,31.5,31.919832090494026
512,26.5,24.913919259388308,30.1,28.83139264237724
513,19.9,23.590350726817064,25.2,26.88357788643475
514,27.0,25.97945593792167,32.3,32.04058862785104
515,25.1,24.21429239148813,32.1,32.039273088028665
516,22.4,22.34572057907849,26.4,26.707351193561294
517,24.2,23.743169544971124,28.9,28.41743782231555
518,20.2,20.72910361885306,23.1,23.48223212473266
519,26.1,24.632627116409935,28.7,28.119999559216296
520,23.6,22.69762373472588,26.7,26.61315775143828
521,21.3,20.9283650055512,27.4,26.63397752621563
522,23.3,22.940355468668486,32.3,30.81199137570809
523,22.1,21.897126803389142,27.5,27.377255690908783
524,22.8,21.925732186459868,26.9,26.355761966001978
525,18.6,19.120195666364452,27.5,27.587295993212138
526,24.4,23.872482111020418,32.7,30.6455857291038
527,25.0,23.740128871927595,30.2,29.467060738071837
528,24.6,24.646173950897833,32.2,31.232303967389953
529,21.6,23.704641468935733,31.1,30.810702611275815
530,21.5,21.458723839562026,30.7,31.449308654514937
531,24.2,23.72864981377643,34.2,31.799271150541813
532,19.3,20.421778269923152,26.0,27.80516310226068
533,24.2,23.17049783025061,29.3,28.28393508730261
534,24.1,25.174973381846826,33.0,32.87833079633822
535,22.7,24.602436209082725,31.9,31.969178690863544
536,28.6,27.599119225874347,34.4,33.64831248101564
537,24.5,26.394660187909267,30.6,33.45823430657515
538,22.5,21.758988915841087,32.3,32.02341455266293
539,22.2,21.721946035378892,30.3,30.311915895614334
540,21.6,24.966699093933585,23.3,31.22715807925374
541,20.4,21.576746718794084,30.8,29.949996407650815
542,24.5,23.686326813609185,32.7,31.61206091767798
543,24.4,23.08567364667067,27.1,26.488470914835432
544,21.9,21.296645851314338,28.6,29.08033948996723
545,25.1,24.7650499314866,34.1,32.66446176288247
546,21.6,22.50653161464936,30.4,31.591624419136906
547,22.0,22.144675544518577,26.7,26.089484499045284
548,22.0,22.174327810265368,25.1,25.918481269765266
549,23.4,24.330569215307037,30.2,30.998348235737296
550,24.3,23.115047877174902,31.2,30.75075661887604
551,26.0,26.436459461402364,35.0,34.49303622498451
552,20.7,20.504043890303933,24.1,24.22078762388469
553,24.1,23.6193699957405,28.4,27.021668788694626
554,26.9,26.664298188280554,36.1,35.3991910485218
555,22.4,23.670172407242944,31.0,30.78656042379299
556,26.8,25.079740234346332,34.7,33.20993245282091
557,24.5,23.8655922582808,31.5,31.764910719717193
558,27.3,26.27983281223544,31.9,32.25960106884929
559,25.8,26.03876507465759,32.9,32.67139455385535
560,25.4,25.08738138584306,31.5,30.512330053853418
561,23.3,23.424560246592932,29.7,30.379989459325486
562,26.2,23.80606486678323,36.2,32.9770995715524
563,20.6,21.184175482830483,30.7,30.280822955142753
564,23.3,22.66720852570097,27.3,27.6151448719026
565,21.0,20.772810623414102,23.4,24.731432900928894
566,21.8,22.294104663841495,27.8,28.54072413438456
567,25.1,25.220974725887345,31.3,31.1391235660829
568,24.0,24.668093649184357,32.6,31.448016641763047
569,22.8,22.854947020769828,27.7,27.72997950084158
570,27.8,26.513428383367796,30.9,30.648935814452386
571,18.2,16.07724853670004,23.3,23.57430173515479
572,20.6,21.863804521854945,28.8,28.22771488286719
573,24.9,23.923906921629396,31.6,30.72763385810299
574,20.5,22.241686828126717,24.2,25.65321907992137
575,25.5,24.922445127913534,32.2,32.06087929699481
576,24.8,24.003886597579367,30.5,29.217509503811584
577,27.4,26.333136340131205,34.8,34.65934006376591
578,27.1,27.268185611105878,29.6,30.78177683120606
579,24.9,24.654159236658757,32.1,32.81412534724956
580,25.0,23.822857628054294,32.9,32.57949944169718
581,20.8,21.64739642216773,27.0,28.12672054715796
582,22.8,23.988842082375186,30.7,31.08350433954405
583,25.5,23.75635960165266,37.5,33.619160708589504
584,19.6,19.16300330706008,22.7,22.45214881950949
585,20.9,21.889806173193392,29.8,29.83643324101905
586,25.7,24.69843831725416,30.6,29.233289716634033
587,23.5,22.865493840389718,29.3,29.521247519796816
588,18.1,19.949160693206977,25.3,25.709034880611284
589,18.9,18.167774073250143,27.3,26.714828146789557
590,20.8,21.91597242714795,29.9,31.010821732797353
591,23.2,23.15750779180655,28.2,28.680107517444014
592,26.3,25.00487434291483,32.1,31.468776669018382
593,22.4,22.317311446524855,32.6,31.612764627865147
594,23.2,22.98514957531654,29.0,28.863029752526927
595,21.1,20.305516685937278,28.1,28.079770648377973
596,26.0,24.79270045704277,34.2,32.228400171267594
597,23.5,23.249146806615386,34.4,31.6485553372828
598,18.2,18.016533905863753,23.8,23.813212004921354
599,26.4,26.70924215143441,30.2,30.82856462528713
600,25.4,24.540686752585316,29.2,29.172962918447183
601,22.5,21.04237133567017,28.9,29.031976715816995
602,27.4,26.492246874000216,32.7,31.878884572861978
603,25.7,26.116395914899385,32.3,31.732653907337067
604,16.3,17.253400413722147,22.9,22.973913334096096
605,23.2,24.472739245012917,28.3,29.75072397733703
606,25.3,24.767593314011833,29.9,29.63726478230234
607,23.5,22.866043522892483,29.1,30.15997510165596
608,24.8,24.148125894867007,33.1,32.722596011753296
609,22.6,21.778513269045447,29.2,28.170586097429407
610,20.5,19.49273320907082,26.8,26.033180109028308
611,25.0,24.95853138948064,30.9,30.004053537037237
612,23.3,22.05050013660957,32.4,29.773284104558627
613,25.2,24.59926852498586,31.2,32.63555027390396
614,22.4,21.459466407824834,31.7,31.967724568744018
615,20.8,20.975110292329305,24.0,24.36222874714838
616,22.3,22.222233829608967,26.0,26.47989403402073
617,23.0,22.464671214936743,26.1,26.504777777749325
618,23.9,22.859121833741597,26.8,26.077335311274737
619,24.2,23.840280408067883,30.5,29.297116140398884
620,23.7,23.266646459551907,30.9,32.10696123480767
621,23.9,23.89666056197973,31.5,30.867659922317387
622,24.3,20.67699685713262,31.8,29.725083610205104
623,24.1,24.370469866158828,29.8,29.48735554488735
624,23.8,23.616648758973838,26.1,26.03287061301154
625,26.2,25.152258232848567,30.7,31.53317054474803
626,20.2,19.72204449162473,25.0,24.696823790915744
627,25.8,26.136165575540417,32.7,32.11348060601716
628,23.7,24.837473822102197,33.8,33.55867031281241
629,18.4,19.12218072593521,23.7,24.439446365773676
630,25.8,25.21723770867345,31.1,31.860873120091924
631,21.7,21.437410230091587,30.7,30.246639395672332
632,21.6,20.968276870283262,29.1,30.168278568837536
633,22.7,22.34001600543627,30.6,29.677132391036935
634,22.7,23.29141122221381,31.9,31.76344497541487
635,19.8,19.30579048093216,23.2,22.876842211876067
636,23.6,24.258366613923954,27.1,27.317767593876795
637,22.5,22.65920623681518,31.6,30.546265653986836
638,23.7,23.30191460786989,28.4,28.021302962430184
639,26.6,26.141190835018392,30.4,31.273556364373405
640,22.9,23.358435617508576,26.9,27.417653012588858
641,17.4,17.990237469467843,22.5,23.279121556098914
642,23.7,25.956324169097797,31.1,31.434346043404332
643,23.9,24.664577933235705,33.6,34.320535144839425
644,26.6,25.950878795748736,34.8,33.37110929501978
645,20.4,20.798313029458313,27.4,26.924194119018296
646,22.5,22.69310269187315,26.2,27.46941237244124
647,23.5,23.808011694600737,28.4,29.277492219241708
648,24.8,24.555116021377785,31.9,30.541441361883926
649,20.9,21.895226878849257,25.7,26.775883612206314
650,23.5,23.528094026415943,32.2,31.900263673230313
651,21.8,21.09276619588877,27.8,28.039858002029973
652,23.1,23.00184916908836,31.0,29.849167826098437
653,24.3,23.34423390182792,26.3,26.03956878999668
654,25.5,24.78913876599711,33.0,32.61728621075309
655,24.3,23.79786783369525,34.9,32.803247310027245
656,23.8,23.3265585703449,24.7,25.386855995476424
657,22.8,22.582158200903336,25.8,26.142143671473548
658,26.6,25.49199432690716,29.2,29.850384291327373
659,23.6,24.20618866211987,28.7,28.154128763876713
660,18.8,20.95133311321956,24.0,24.713122655661323
661,22.9,22.634081937184988,24.3,25.490568055288804
662,21.6,20.993781757401166,30.8,29.67874619891313
663,20.5,20.519004957667335,30.0,30.926050542324447
664,27.5,26.000559803486226,34.7,33.47593298749433
665,20.7,20.75827185037099,31.3,30.435165213406265
666,25.8,25.897077271015178,33.8,34.85386566799815
667,23.4,23.2231439214014,29.5,30.149148872362503
668,22.8,24.34623859036492,27.2,28.06339277370523
669,21.2,22.462401519693685,31.5,30.917980640435815
670,20.8,21.989994590477636,29.3,29.59336274603112
671,24.3,24.53993448316487,29.1,28.79532806318639
672,26.2,25.43187123549785,30.4,30.08955687607687
673,24.7,24.871057645421274,31.0,30.249307814132294
674,28.6,27.123625810859835,35.7,34.38519610047092
675,27.0,25.863679841505018,35.2,34.33625486633633
676,22.9,22.110553077551685,32.2,31.475923201465093
677,21.5,21.423477842103125,28.4,29.988576050624147
678,24.9,23.939243711156223,30.5,29.489599077666583
679,25.5,25.435568206963012,28.5,29.944684368077446
680,23.8,24.420931336765307,33.0,31.80547083321079
681,26.6,24.690252685566406,32.4,32.42336566044531
682,24.0,24.398618435200888,27.6,28.24153232929666
683,24.1,22.638351220788763,25.1,24.421677074239028
684,24.6,24.143395606566628,29.2,28.368282550916945
685,21.4,23.243826417608375,30.7,31.818420413359263
686,21.6,21.73423979600466,28.2,28.1984259315401
687,23.2,22.53184081620725,31.8,30.54431089176461
688,29.6,28.16225237664264,34.0,34.21584133140544
689,22.1,22.406182226892497,27.9,28.98333672416959
690,23.7,22.968730683023296,30.4,29.410988697361518
691,27.7,27.710959061617018,31.1,32.320860786865694
692,23.4,24.87569867381933,33.3,34.41751110273816
693,21.5,23.78957850312929,29.4,30.4827783434838
694,22.0,21.568193158061263,27.4,27.454798597726835
695,26.1,26.730053333564342,33.8,33.375743118627554
696,21.1,21.164130535234563,32.6,31.560089617907863
697,21.5,21.457181383960233,29.3,29.13010310612691
698,27.4,26.628719292235246,31.6,30.476731854254865
699,25.1,24.435439306866442,35.1,33.7714861362295
700,25.3,24.603704652710462,32.1,31.37316045172946
701,27.2,26.730626223572813,33.2,33.378160790203935
702,21.3,22.459576788983327,30.5,30.23505881535442
703,24.4,22.94916775849265,29.1,29.311310905309142
704,21.0,21.364587651949705,30.5,32.071596530026284
705,22.1,21.517432852598745,27.7,28.598327305384032
706,23.9,24.333887363053464,30.0,29.959978559183753
707,25.1,24.44731568686359,29.7,30.019673222773633
708,26.4,25.768748832797087,34.5,32.87129037993839
709,21.7,25.206622217296967,29.3,32.34639360131689
710,19.3,20.55241675369666,28.7,29.81747323499951
711,23.6,23.02734238365565,30.0,29.592790858578724
712,20.9,21.097008136344357,26.0,25.860779225730198
713,23.7,23.181161981129094,26.3,25.4532648666127
714,23.8,22.973082393486493,29.1,28.445146123746042
715,22.8,22.26989473082267,27.3,26.740919980173942
716,18.5,20.573216777371158,23.2,25.257420174341917
717,26.2,24.71860542978675,31.9,31.71403933117608
718,17.8,17.22794607953915,23.1,23.930572604980057
719,26.0,24.925147659639833,31.8,32.321430574426586
720,23.9,23.402361996567947,29.7,28.592756863318755
721,21.5,20.61040405047288,30.9,30.828745831980086
722,21.5,21.636661987657135,30.3,30.856938224186138
723,26.4,25.19148568732396,32.4,32.44462041082306
724,24.9,23.711279039109513,32.7,31.61511791680249
725,27.6,27.022186288495618,35.7,33.76622557934667
726,26.1,24.949835038947526,32.4,31.79696310385077
727,19.6,21.33370129321338,27.9,28.6361176290049
728,26.3,26.73877674637845,33.9,35.540761039372
729,20.2,19.866701253463475,33.4,31.645601333039508
730,23.0,23.912212912107975,33.0,32.62067501241347
731,17.7,19.25954984843827,27.8,28.418766002725306
732,18.4,16.68302071473488,25.9,25.730456538558713
733,27.4,26.148566825267608,31.4,30.357942189129687
734,20.2,22.122996191010316,26.6,31.46093987760014
735,18.6,21.498656534478528,29.4,29.155193045818976
736,24.6,23.427383422690696,26.1,25.767559899009825
737,22.6,23.452102985798092,31.2,32.38632419411863
738,24.3,23.425264224290004,31.2,31.08830504926385
739,18.4,21.06581398829826,29.4,29.150615194128022
740,23.9,22.86489167869229,31.7,31.10107757832543
741,23.0,22.368308111242754,28.0,29.045982589239998
742,24.5,26.603664705479105,33.5,34.351826684436844
743,22.3,23.067883524211766,26.4,27.54429369501605
744,25.4,24.468329055273784,29.2,28.63375829067894
745,18.1,19.30077296963225,27.4,27.283118915241573
746,23.6,23.049320001996534,30.6,31.36160602627706
747,25.5,24.549136813868813,33.5,33.27581175249816
748,23.8,22.95597684887855,33.5,33.39950139456084
749,26.4,26.678920493882515,37.2,35.750733911436726
750,24.2,26.398684060547225,30.3,32.10922164802287
751,25.0,25.9671431061156,31.6,31.61926308615051
752,23.1,25.05268242694683,28.5,29.299106746961456
753,24.7,23.385558412940554,32.4,31.583665975646
754,25.3,23.335562040713285,28.6,28.726087770274262
755,23.9,25.375028028629572,31.7,31.863414563526476
756,19.8,19.054606558990827,23.8,22.95127422281911
757,21.1,22.973350878831752,32.0,31.630963133573005
758,22.2,22.857384909222674,28.9,30.835882350671
759,26.7,25.406278232805334,34.2,34.45928599374605
760,20.9,22.538153362531034,27.4,28.267877211506516
761,20.7,21.169574281668133,27.5,27.14183584008964
762,22.2,21.673219252785202,26.8,27.04189406327771
763,23.5,23.34247469676427,25.7,25.792525554381598
764,18.9,20.517036675400732,25.9,25.67596352735029
765,20.6,21.69033779873405,30.8,29.702984914121203
766,22.7,21.242448671270722,30.5,29.299527305618653
767,22.1,22.36927895940846,24.8,26.314668702578786
768,23.0,22.965068729228392,28.1,28.19668845377413
769,18.8,20.511796879813005,25.9,27.119647035634216
770,22.2,22.45611730480357,30.8,29.65384662170169
771,27.1,26.77547807876158,35.5,36.1830544578728
772,24.1,24.014766719354157,26.6,27.13113598351265
773,21.7,23.66026355442068,31.7,31.91596944836317
774,27.0,25.844030144922158,33.1,32.24253111462423
775,25.3,24.240349340734497,30.9,32.4142838906082
776,25.5,24.896867114473707,29.1,28.977893803999166
777,17.3,17.51613312233212,29.5,29.21067230091046
778,23.2,23.681862728495616,30.5,30.851463598377677
779,22.5,24.594717347052438,32.1,32.679802620707164
780,24.4,23.821474291073287,31.9,30.450880051158265
781,23.6,23.27960872341407,25.4,26.409776373174964
782,20.9,20.959969602003866,23.7,23.686721364196615
783,23.5,24.126428967671586,24.7,26.08205241624836
784,21.3,22.440333938712683,25.6,26.811846945264676
785,23.8,23.638801895946244,27.5,27.18103115751046
786,24.9,26.193220643122118,33.0,33.79436067843898
787,21.3,20.954996901900927,24.1,24.730347831145366
788,22.4,23.14572392088803,30.0,30.591801199765257
789,24.0,23.717355251765525,28.1,27.98317209620211
790,23.3,21.83788429644244,30.9,30.34214327363003
791,16.5,19.131469467145962,28.3,29.37423653893603
792,22.9,21.487401879013305,30.4,29.22724922506802
793,22.4,23.514331920489212,26.2,26.688068191926845
794,23.2,22.63045100047941,26.9,26.55370835931177
795,25.0,24.798756136154225,32.0,32.192053420439606
796,23.2,23.04470952972497,33.1,32.40460418175047
797,26.6,26.576835584173296,32.7,32.5184623941625
798,23.0,21.390651364550763,30.1,28.69113678915835
799,22.9,23.295074265209223,30.6,29.470928381189367
800,23.6,23.69722363574465,32.8,32.82540527823261
801,21.4,21.971019440421514,30.1,29.17130678838032
802,23.5,24.20243353964827,31.1,31.083585846963217
803,23.9,25.72750901360098,28.0,29.0227547433434
804,24.3,24.087218987526057,32.4,31.29906731042263
805,26.5,25.517438804273183,29.5,28.60775577620069
806,23.8,23.992292827135543,32.5,33.13248641506868
807,21.9,22.611004983897374,30.3,31.084787383332298
808,21.9,21.9986382409993,25.0,25.704715811803283
809,23.0,23.093578173809192,28.8,29.4793703279459
810,24.1,25.169971542941994,31.6,32.51322757906223
811,23.8,23.294323840009838,24.8,25.20227308879862
812,25.2,24.133416074499905,32.1,31.941177379730618
813,24.3,24.924717329064606,29.9,30.92740412227647
814,20.2,21.32498330523265,28.6,28.338455520338073
815,24.5,22.690028622494538,31.0,30.310639644413186
816,22.9,23.480914356893322,29.8,28.835993206928777
817,24.4,23.69523667345493,28.8,28.512775582436007
818,27.3,26.370634021637443,33.5,32.57338308126657
819,23.2,22.516113257213078,30.4,30.080149738606167
820,26.2,26.2358142615509,32.5,32.85658716885678
821,24.7,24.25706463478616,31.1,29.819831264028778
822,19.9,20.768658926870785,28.5,29.098636771657652
823,24.5,23.590955312162805,31.0,29.477435922150732
824,23.2,22.36698651429674,27.7,27.18211561132273
825,17.2,19.088600215023916,23.4,24.200806127184194
826,22.0,20.789029424755427,29.2,28.92485205382212
827,21.4,21.104209856644275,24.0,23.551547367363753
828,22.3,23.284961209212724,24.9,32.11460003118293
829,25.4,22.57862649770709,31.1,26.202618666216893
830,19.9,19.369178459542354,30.7,30.602135944636757
831,21.3,21.730889193992425,34.0,31.909648525192495
832,24.2,23.270001910984547,31.5,30.146186951486413
833,24.2,23.9126167160116,30.4,29.127123671584002
834,25.2,24.28672564617966,34.8,32.331652762045906
835,25.6,24.77850890461673,29.6,30.746879172808235
836,20.1,20.11006423655715,27.9,28.413505659618068
837,22.2,22.22572672540832,28.2,27.912949897437215
838,24.6,23.346430617572423,31.3,30.48431692827603
839,22.0,19.431692772425436,33.1,30.63225897979578
840,22.9,22.199604821544654,27.6,27.19325730235829
841,22.9,22.121612382115018,29.2,27.79985557808243
842,22.1,21.025696805107486,31.5,30.713627316595307
843,26.6,26.55303197547937,33.1,32.58554911430667
844,18.4,19.525924594612434,27.0,27.4270427080981
845,22.2,22.144973037873683,26.1,25.482925814951386
846,25.4,24.928108292117713,30.9,30.853275304953172
847,22.2,21.59287190668624,25.1,24.085267275256683
848,26.1,27.019197390951604,34.6,34.62702554364131
849,26.4,24.897789376975652,34.3,33.160652827018225
850,18.6,20.202809226034333,24.4,25.5047535440126
851,25.0,25.92383990361293,29.4,29.049605303822204
852,21.5,22.851271172417796,29.5,30.670821874889725
853,23.5,23.077406787809423,32.0,31.27408210886415
854,20.6,20.803341807534593,25.1,26.81270643975199
855,25.5,25.075729804316097,30.3,29.46221151490778
856,24.1,23.645397426832233,30.1,29.07277255113206
857,26.5,26.025860027280373,29.0,28.689010686541963
858,22.4,21.503678615420995,26.3,26.093193040573
859,20.5,21.582899253089522,28.4,28.301299639675733
860,21.2,20.84182672372924,29.6,28.56633266174606
861,24.4,23.38009521801689,31.3,30.524899675055167
862,26.5,26.01213437109243,29.6,28.807814588066265
863,26.1,26.842509498239792,32.3,32.995823428709286
864,23.6,23.23521186711264,26.5,26.37072168822226
865,23.4,22.8674008315553,31.5,30.433128736409685
866,21.9,21.5605255731449,31.6,31.39579719228857
867,20.8,20.67402912746104,23.4,24.032004568001014
868,23.9,25.456828920199655,30.0,31.791419354272477
869,23.1,22.65583983458407,27.8,29.076389671889956
870,24.8,24.61560148999081,29.6,30.463930901894287
871,22.9,23.146872726085803,29.8,30.527019460492625
872,24.0,27.06759375815693,31.6,34.58275624349835
873,23.8,23.20206464011369,29.7,30.582821618322555
874,26.0,27.205610800492764,35.5,35.59611494499262
875,23.3,22.870920954080702,29.4,28.391898691116978
876,22.5,23.185452142968302,28.1,29.061853791628266
877,22.8,22.941349955417422,26.5,27.855352217097618
878,24.4,24.264744768913374,29.9,31.363494749487188
879,23.1,22.429660597672864,26.0,25.902774438598158
880,19.8,20.475578008828847,24.9,27.109522965641645
881,20.6,21.05222586087666,23.7,25.082402981848304
882,19.8,19.98405701796139,27.3,27.569878548751888
883,26.6,26.445660771308553,32.3,31.3449105176108
884,21.8,21.41400279488971,28.6,28.39084495896907
885,24.2,23.87321973771361,33.2,33.28969606608348
886,25.8,24.7387081024159,32.5,31.115347577992054
887,25.6,23.206761537494117,33.5,31.590002455023125
888,19.0,18.60635466989322,26.7,27.256032852545445
889,21.5,21.081959024907405,28.6,28.596118705240315
890,18.9,21.44653773610912,28.9,29.096036597670718
891,21.3,23.786770009398765,30.5,30.653621228213524
892,22.8,21.734118599491694,25.3,25.240929327956223
893,22.1,23.46366876418483,28.6,28.804579470706585
894,20.7,23.463567773083696,29.2,30.73065065651292
895,21.9,21.40025269519174,29.1,27.67576071298288
896,25.1,24.61157359856088,32.3,30.84084992753526
897,21.7,21.38488686355913,29.0,30.957288713960395
898,23.3,23.13894253622584,25.7,26.38572916614629
899,25.9,25.24606794253657,32.7,31.184511048810293
900,25.7,25.320879811332475,31.0,31.335580949407415
901,24.6,23.635905184509284,28.7,29.353490695156893
902,22.7,23.826567785535303,25.1,27.608798362344146
903,25.0,23.791446352376397,27.3,27.69756159492249
904,25.9,26.021132393212156,34.2,33.26994973470971
905,24.6,24.673561074571467,33.1,33.7911827548985
906,16.7,18.91776782748957,28.2,28.522567192550298
907,21.1,23.263792372946682,28.8,28.72013035972401
908,23.5,23.602841151171333,32.8,31.374624535843964
909,23.5,22.841886029114335,27.0,26.761789436408606
910,19.9,23.512436685902912,27.8,27.128074863873508
911,23.7,22.501852920968872,30.5,28.787237690962343
912,23.3,23.043729585250844,28.4,28.239611931244895
913,26.0,26.20116196221261,28.1,30.45758819933667
914,23.3,24.444645988242087,27.6,29.284017474157565
915,27.0,26.26682277487157,33.2,31.676743661981675
916,22.1,22.822207690130313,31.3,31.734669702582266
917,22.4,23.357862310969722,31.6,32.101934493136525
918,22.5,23.471730315782906,28.9,29.67885150028866
919,25.3,24.743759431811895,31.7,31.067591132047994
920,25.9,24.93374496335855,32.7,32.321306529666
921,22.2,25.16908875350009,34.2,34.26235960676712
922,17.5,23.946426264196134,22.2,30.02484863191546
923,25.2,24.222104333750053,32.0,31.445118595070937
924,23.3,24.22062652038028,28.8,30.466309438439225
925,24.2,24.400258566563707,30.2,31.271702436045018
926,23.7,26.28255688203967,30.3,33.00140927308644
927,18.6,20.4574246178787,28.5,27.72517378277763
928,22.3,21.84195327507655,30.0,29.175826220061595
929,23.1,24.08111203033866,31.7,31.938772589094413
930,25.8,25.76856686852409,28.8,28.821600384010992
931,23.5,23.74416318896772,30.8,29.156738425831975
932,21.8,21.639918178895186,30.1,28.634262276352388
933,24.2,24.215855665633967,33.7,33.33353108985028
934,21.3,21.837215505289805,24.8,25.254687908175185
935,22.4,24.150226393156004,26.7,27.729374745089785
936,23.6,24.581824032593204,32.8,33.69882544397609
937,25.6,24.852227885643174,32.7,32.587004018541336
938,25.7,24.676169155261164,31.4,30.458648437167767
939,20.0,23.393813945877014,27.6,28.052599676370846
940,22.3,22.365760881189885,25.7,25.400709547475742
941,24.6,24.58564279140205,33.2,32.268798869990974
942,20.7,20.467965027839114,26.0,26.957012201893747
943,24.8,23.308429859797116,33.7,32.6646659994006
944,25.6,24.556828091498915,31.9,31.126259382746582
945,18.0,18.830385157639853,27.1,27.080853594521727
946,19.9,20.11000065299436,25.9,27.067833527913137
947,22.2,21.056950488780785,25.6,24.568008125839242
948,25.1,25.297080064312354,30.6,31.763773583907664
949,24.1,23.51215881144185,28.4,28.1288699653158
950,22.6,22.03299554872865,29.6,27.983616882950287
951,20.7,21.144569709577922,26.6,26.269258041728676
952,25.8,24.548341197479317,28.2,27.805299503870003
953,21.9,20.334696570863002,31.7,31.35594334937724
954,22.3,22.790836388203502,24.2,26.132362168739803
955,23.6,22.351792451921597,30.0,28.932035501771452
956,21.3,21.048019876969533,23.4,23.54888108357477
957,22.1,23.592384546975495,28.1,28.04506928487359
958,20.8,22.38649931374107,27.9,28.14435284002991
959,24.5,23.80847257141363,30.3,30.827559598550295
960,27.0,25.375779487376008,34.8,34.11128691210206
961,20.4,20.44546529262834,27.2,27.45887496785741
962,24.0,23.70526289434531,32.1,33.448355449181236
963,24.8,24.37493291379087,28.9,28.576134842814838
964,23.3,23.331932322202533,28.4,28.60304030102037
965,21.1,21.704587226109652,26.5,25.18356346219997
966,21.5,20.97048662796101,25.3,25.890282565187817
967,19.0,19.819092375289415,28.0,27.22240202487825
968,23.2,23.003994471265173,26.5,27.351630083458986
969,23.5,22.97509217083018,26.6,26.26344224395973
970,25.5,25.0458554522005,26.8,28.282677041253123
971,24.5,24.750240448716568,28.0,28.337393627916867
972,20.2,21.134117487880644,25.6,25.978205172487776
973,25.1,23.17754722328573,28.0,26.806778458667452
974,24.0,24.460854790440976,33.2,32.518295447917524
975,27.3,27.006783022186482,32.5,32.360247404724646
976,24.2,24.574989052997353,31.8,33.68468290499004
977,26.2,25.063144822605864,35.3,34.409500643095555
978,22.8,22.794842283610024,29.0,28.317900571306666
979,25.1,24.235073087552905,31.5,30.34960978435555
980,21.0,21.685244465414826,28.8,30.32197565533596
981,23.0,24.558166651068063,25.2,30.194828753855518
982,17.5,18.412993701838218,25.2,26.00073726682035
983,25.6,25.018757579991643,30.7,31.403941458316012
984,19.7,21.185545986958687,31.5,30.286606663755947
985,25.8,25.061271203223328,31.5,31.679651013961006
986,24.7,24.36223813835329,29.2,30.119659763239497
987,18.7,20.87843338124071,26.7,28.364882335745563
988,24.3,23.081784395768977,33.7,33.090209443998845
989,26.4,25.395085489812573,34.1,32.898177562591854
990,22.0,21.84303519235698,29.4,29.98669495019584
991,21.6,23.09895974844369,32.3,31.454375686216224
992,22.7,22.557009535688962,28.1,27.16635630309935
993,21.6,21.454059243191182,28.0,27.767293591870953
994,19.3,19.357423783607373,27.4,27.960467317189966
995,26.9,26.485105868317874,34.1,33.47727555472102
996,21.0,20.711203842091095,24.1,23.941188427686143
997,27.6,26.189537600328094,31.5,30.22304005770087
998,18.9,13.462009985377676,29.7,27.696686963879472
999,23.3,23.83925476452589,26.5,26.87013606117722
1000,21.4,22.34028635901325,33.8,34.0328057734705
1001,24.3,23.337178786133904,27.0,26.38698105420781
1002,22.6,22.49672173735803,29.8,29.710899028704034
1003,25.4,24.625084492487645,28.2,29.23098095248514
1004,26.0,25.107439051977963,30.8,30.950874702240412
1005,24.7,23.827601371811966,31.3,30.950283837599216
1006,25.9,25.706007510019845,32.5,31.58670291713281
1007,22.9,23.613766277895138,30.7,30.658523505868743
1008,21.1,20.971493633326645,24.7,24.66982716061335
1009,22.1,21.30883523555576,24.8,24.697396792609197
1010,23.1,22.74807936242371,30.9,32.496141927002895
1011,25.5,25.091443558463766,27.6,27.875565898140735
1012,22.5,23.654293918434064,29.8,30.21621379196978
1013,21.3,19.794325462323513,29.6,29.592200180349664
1014,22.6,22.455100433946882,24.4,24.875048979413975
1015,21.8,21.347757665728636,28.6,29.191187098885507
1016,23.0,26.337553612349325,30.6,33.92980123690768
1017,21.3,20.1716539710319,27.3,26.28002604679574
1018,21.4,20.72097829087795,25.3,24.59133647580478
1019,23.7,22.746585808450618,27.8,27.521832066702473
1020,24.6,24.643872852016102,34.9,33.89727070710859
1021,22.1,22.054994988864678,28.8,29.068826622749896
1022,23.5,24.74195484840095,33.5,33.38072290092748
1023,21.9,23.11861015408806,27.7,27.818427481644335
1024,21.8,21.20440237259254,26.2,26.905639769650577
1025,20.8,20.437301058188837,27.3,27.870073148040376
1026,25.4,26.43800241563406,34.1,33.693244799661215
1027,22.8,22.98039439476247,30.2,29.382063166404976
1028,22.0,22.128663739507374,31.3,30.505111479234586
1029,27.1,26.879910981860235,32.7,30.30428934478067
1030,25.3,24.921022981430156,31.4,30.070465101371212
1031,23.9,23.339457483682395,30.5,30.215270223688208
1032,17.4,21.349013030698984,28.7,30.108369534434985
1033,19.0,21.14671684272969,27.4,29.144459998509262
1034,25.7,24.66924803655877,32.7,31.395521447858243
1035,23.8,23.44109371985394,31.2,29.950392832626846
1036,21.9,24.776037359748557,33.1,34.01196454842784
1037,24.4,24.91248589630004,29.9,30.731189244643872
1038,25.3,24.250341932648325,30.9,30.62293587659326
1039,21.1,21.047262006828305,23.7,24.153591178194233
1040,24.9,24.669404179350067,30.2,30.580133745237674
1041,24.3,23.212059730747228,26.4,25.352611423900385
1042,22.3,22.056278370047835,26.4,27.499337161208075
1043,21.9,22.597852188838147,29.7,30.04842086507091
1044,23.8,24.239779536775018,30.3,30.979618772896288
1045,23.1,23.324731511457117,32.0,31.592717004449412
1046,19.1,19.240459413459803,24.4,23.940822621098334
1047,23.0,22.425840092749127,30.7,30.06360003341962
1048,24.1,23.813214202098493,27.6,27.79332324285093
1049,21.8,21.66438654866988,27.5,26.840378975640533
1050,24.7,24.586090894980657,31.7,30.704320985607296
1051,27.1,26.88558842658449,34.7,34.75241121580706
1052,22.3,22.503493416559877,27.7,28.40024353924798
1053,26.2,24.995770313152548,32.7,32.068986227693244
1054,20.4,21.966949455600457,30.8,33.54123066180642
1055,23.8,26.90451346170653,30.1,34.76262549751357
1056,26.2,25.787464447700586,35.0,34.125799468367916
1057,25.0,23.69720698270669,30.4,30.318743798758476
1058,23.5,23.014026043041213,30.4,31.11636440837833
1059,21.5,21.985759728603625,23.9,24.74842871478029
1060,19.7,20.021194796709096,23.8,23.797412841905214
1061,17.8,20.13717089528427,27.0,28.89730047774907
1062,26.1,26.01375153718311,33.1,34.46814787934443
1063,24.2,24.794595274258313,32.0,32.312965733491126
1064,26.3,25.459621198548916,29.1,29.29598631512505
1065,24.0,23.718412144469085,31.4,30.944617461416442
1066,19.1,20.48579941010621,25.2,26.661785030944998
1067,23.2,21.79516826024212,26.3,25.49277677119875
1068,22.3,21.458493332907665,24.2,24.82902089842247
1069,25.1,23.35550564227833,30.8,30.613496470549933
1070,21.5,21.232390615766803,29.8,31.346638461223506
1071,24.0,24.360191458818917,32.9,31.647637077449133
1072,24.6,22.273060619868943,29.7,28.97976021856158
1073,25.8,25.124903354839148,28.0,28.809009935891936
1074,24.7,23.437134211234934,29.5,29.09382038153757
1075,24.1,23.913411086987367,28.2,27.430248948966607
1076,20.4,20.57509894185614,25.5,25.88587373341869
1077,21.6,21.97990441416016,29.9,29.17807294182643
1078,25.3,24.535051663703143,33.6,32.270807962274944
1079,22.2,22.090222622829288,31.1,30.10546599906297
1080,20.2,22.05224435681987,24.6,25.022306044424624
1081,23.0,22.726036321836773,30.3,29.70078980499443
1082,24.3,24.878698490905435,33.7,34.43017072744237
1083,26.2,25.415364328699866,32.9,31.100504364291226
1084,26.4,25.271146638515347,31.4,30.279367493290124
1085,23.6,24.153737835775473,29.4,29.61427071316905
1086,22.6,21.373369406714005,27.4,27.087668788720634
1087,18.8,20.242878907205636,23.9,23.981777752729784
1088,22.5,22.681867209305665,27.6,28.11934422994284
1089,21.2,21.773950352965244,29.7,30.066112688670444
1090,24.8,24.280878761173994,27.7,28.529525062138816
1091,23.6,24.03866228203924,30.6,32.34654068097876
1092,27.6,27.826509598315624,31.5,32.14541904584138
1093,24.9,25.381638439568633,31.0,31.626399086220943
1094,23.2,22.29821478552924,31.6,31.403689198172003
1095,25.0,24.706408135391598,29.4,29.85594683964746
1096,23.7,25.14932620893444,28.4,30.04230444705422
1097,24.6,24.56996400178366,26.5,26.823574134299804
1098,22.8,21.560932491730455,32.1,30.925162472642683
1099,22.2,22.026826693793055,25.6,25.644818309744608
1100,23.2,23.413650977408224,28.3,29.154117731990027
1101,23.1,22.122786899306107,30.6,29.283304765047774
1102,25.4,25.036736124205618,29.4,28.6715405130185
1103,19.1,19.645201944177302,28.4,28.74561845883312
1104,24.2,23.707236595061318,31.0,29.95189257106506
1105,27.7,26.82388411402428,33.6,33.16001050706507
1106,21.6,20.463168835884062,29.8,29.899506176085424
1107,16.5,18.947038944141127,28.8,28.537284902725162
1108,23.4,23.554762529443792,28.9,29.595213586682917
1109,18.7,18.654859375925753,27.5,25.62469783028814
1110,21.6,23.213192942236105,29.1,28.96320399005316
1111,25.8,26.063385298180037,31.3,30.321770006005806
1112,22.6,23.060412659461804,30.0,31.31200557665227
1113,23.9,23.289506137445983,30.3,30.318022557511142
1114,26.6,25.36386849946598,32.8,32.07403768950485
1115,23.6,25.26285271603524,34.3,36.62922377286367
1116,22.6,22.75979967336673,31.4,30.66809176002141
1117,26.3,25.72169956880657,31.9,31.926703268263793
1118,24.5,25.139765607998925,28.5,30.42930568867058
1119,15.4,17.834050348208848,26.6,25.879547543009835
1120,27.2,25.086824450630047,33.6,32.79417645323332
1121,21.4,20.256742492018475,30.0,29.880836280287497
1122,23.3,23.02158434622197,26.2,26.15625865943349
1123,21.2,23.975981628768523,32.8,31.581003982714776
1124,25.7,24.291373154032158,34.3,33.2562797702974
1125,24.5,24.47550760133356,33.2,31.35163908605915
1126,25.0,25.15306588593353,31.4,30.374704260072406
1127,24.6,25.8878174102083,32.6,33.19703556384678
1128,17.9,19.305684358226586,25.9,27.748162198659145
1129,20.8,20.527550488704264,30.4,29.930993003492574
1130,22.6,23.751691046125643,30.7,31.45445996073181
1131,25.0,24.27032432127669,30.6,29.44953007621376
1132,22.9,22.112365870251665,28.3,27.589521412609827
1133,26.1,27.226485309674786,35.1,34.48423496074224
1134,21.4,22.197749313261397,33.5,32.88260118049806
1135,20.0,21.3541132899652,28.0,30.479270919426938
1136,23.5,23.163026661269214,25.7,25.841597297463807
1137,22.5,22.661450053717203,25.1,26.010370612479164
1138,24.1,23.990231806019437,32.6,32.99398159660137
1139,21.5,22.28353440872695,27.3,27.795722915413023
1140,24.2,25.106507726184645,34.5,33.17954025506236
1141,20.2,19.320438705102674,28.6,28.02316792628477
1142,20.1,20.693599034491513,27.0,27.67744436112531
1143,24.5,23.212697243768844,28.9,29.70449735164067
1144,24.8,23.928557502958142,33.9,32.4796349410758
1145,23.9,23.901188574559228,28.2,28.23286167281924
1146,23.8,23.007951929515002,26.4,26.280792959985604
1147,21.4,22.322584951974363,30.5,31.12316412083584
1148,27.5,26.961765529163245,36.0,34.2238062159966
1149,23.9,24.100106448405768,32.2,31.34554773828893
1150,22.2,21.400674772336743,25.2,25.367213006967063
1151,25.3,23.793720101876488,32.1,32.142634825835216
1152,23.6,22.96122442322053,27.7,27.77342792093009
1153,21.6,21.780966696095106,26.7,30.066327404724348
1154,21.5,21.45728976975829,28.0,27.839048844381693
1155,24.8,25.581024413452838,29.3,28.582437177208874
1156,22.7,22.202297383208816,34.3,32.43315417764455
1157,22.2,23.245598136238073,31.4,31.66998528221552
1158,27.3,25.30007466145264,33.6,31.817360680554373
1159,22.2,21.944872692991908,27.3,27.209342032491747
1160,25.0,24.392776361326696,32.8,32.452918826628036
1161,24.6,25.244091892463985,33.4,34.793038651562654
1162,21.9,20.697028101338447,25.9,24.596764837135993
1163,24.3,23.722892519458128,29.2,28.74835961999156
1164,20.1,21.29064850526038,32.1,30.32572711560988
1165,17.8,20.35294168773578,25.4,27.765351601165435
1166,24.4,23.775779837391042,30.0,30.851338266058974
1167,23.5,22.98963458861681,31.6,29.560317704278418
1168,22.4,20.61956396603307,29.2,26.45981854602229
1169,22.5,23.401056338865487,29.0,29.884272655902635
1170,26.4,25.897794532156695,33.4,33.41950989652804
1171,26.9,25.950916509610465,33.2,31.383005017163953
1172,22.5,23.143999041485927,29.5,29.191710309137022
1173,20.5,21.60469416019714,29.7,30.41608755070075
1174,25.1,24.539476861307207,29.3,29.619535226738606
1175,25.5,24.39003496800899,28.7,28.0749458008014
1176,28.2,25.38339053683626,36.2,34.76153484428539
1177,18.0,19.960231894395065,30.2,29.69000893771829
1178,16.7,18.521421569979566,25.1,27.731678007028222
1179,22.6,22.36151430872701,27.5,27.920867635642423
1180,23.8,23.832836818117585,31.3,31.788980884287355
1181,24.7,24.470028256260434,26.9,27.531667585922776
1182,26.1,25.519879214205275,31.6,31.586908666673708
1183,24.0,23.469731424070233,29.8,29.64916402385859
1184,23.9,23.1260812613192,26.0,25.962916653139928
1185,23.1,23.44976228436542,25.6,27.82913153785654
1186,23.7,24.677655988184938,30.0,30.287609805959107
1187,22.2,23.86428981226743,29.8,33.06925191673355
1188,21.8,21.278009451781486,30.4,28.963544133564824
1189,23.7,24.483301250938325,28.2,29.934556736905336
1190,20.6,23.02212877826196,31.9,31.56418366716042
1191,24.3,24.583962500656412,28.7,29.912631089432125
1192,20.3,21.285593955110244,30.3,30.153267647903704
1193,23.0,22.280319594516072,29.0,28.978341086503747
1194,22.1,22.541611700239173,30.6,31.567582719590746
1195,18.2,18.623082964348214,27.7,27.42783460040158
1196,26.0,24.478759862932634,32.5,31.143629555963457
1197,24.4,23.335826075855607,27.9,27.214460622068486
1198,20.6,19.760777260396367,23.5,23.634155139767188
1199,20.3,20.055368950045136,27.4,25.87903435763792
1200,24.0,23.08192706279806,32.0,31.845204418416643
1201,26.2,24.074076660004835,32.2,32.2781655419854
1202,26.4,25.882068892666098,33.7,33.21388592063954
1203,23.2,23.744082643945262,30.1,29.852977190277898
1204,21.9,21.848371355206268,24.8,24.837063508407937
1205,25.3,24.921515042417695,34.2,33.148891157599394
1206,23.3,22.401769880050097,31.3,30.447059492177914
1207,21.4,21.79923402631482,29.5,30.786760934431527
1208,22.5,22.57105813753958,29.1,30.30364157420314
1209,24.0,23.384068892384562,31.5,31.647009851061114
1210,23.6,24.479526812056633,32.5,33.555352872811454
1211,25.5,25.473662986951126,29.0,29.674869199089528
1212,21.4,20.17478264859335,25.4,24.35003334929297
1213,27.0,25.88766026462065,31.6,32.51405589693138
1214,21.2,22.955474901360276,30.5,31.02467980026745
1215,26.4,25.64513849586683,28.3,28.380062009916173
1216,23.4,21.03190300814788,33.8,31.382926821490003
1217,23.1,23.55094274856799,28.2,30.217334959484447
1218,23.1,22.529732278398,27.6,28.398381902886342
1219,20.2,24.9399806156124,29.3,30.7662533228887
1220,20.2,19.292592481905444,26.1,25.700473757279156
1221,21.4,21.541957451591884,30.9,28.322319116609208
1222,17.2,18.996637440153336,24.6,24.66005664908738
1223,22.9,20.75491111091867,30.7,28.77174761868156
1224,23.6,23.74340596455886,32.1,30.689984315041272
1225,21.1,20.51903986080731,25.6,24.082233440628954
1226,22.6,22.043842299966173,31.1,30.45344677069113
1227,24.6,24.219024415661238,29.2,28.20908533863974
1228,23.6,23.560403800475342,28.3,28.321994655552203
1229,20.1,20.527651304952997,27.4,26.158924749024607
1230,26.7,26.327444493330972,35.7,33.91653459771334
1231,19.0,19.1766406164096,25.9,26.172722904320267
1232,20.5,21.644666647251483,31.6,30.819860725720105
1233,23.7,23.954533735828363,28.1,28.888485240868988
1234,18.0,19.93318484336737,28.8,29.868202842294977
1235,23.3,22.334201841983145,26.7,27.649226052718575
1236,26.3,25.90212685145002,32.1,31.696616282753553
1237,24.8,25.856908175330773,31.2,33.53127365795888
1238,21.0,21.65396733110242,30.2,29.050218888973006
1239,26.0,25.009228953718434,30.7,29.82450351349047
1240,22.6,24.465254957381376,25.0,28.619021688287148
1241,21.2,23.94628351136771,27.2,28.72788211212088
1242,27.6,27.308132131521575,31.3,31.437765372245167
1243,22.2,21.83209749142111,30.1,29.801276708013575
1244,26.4,24.951448583849697,31.6,30.997408348367458
1245,21.5,21.857182166555845,31.0,30.015667441264668
1246,23.8,22.77253613484106,29.3,28.59055066315011
1247,21.4,21.31833149530246,30.2,30.127718243907168
1248,22.9,23.72928950049095,26.7,27.91430002343759
1249,26.4,27.18561344706518,32.2,32.499810460896526
1250,21.3,21.985046456300097,27.4,27.758559991321192
1251,21.0,22.546139667510943,31.0,32.09087383563099
1252,21.7,23.455817058160846,31.5,31.364229077515404
1253,21.5,22.17709133796643,29.9,31.229651025812302
1254,22.2,23.207770639790624,28.6,29.588521871992214
1255,23.1,23.210102897685147,26.6,25.91660927217913
1256,22.1,23.491669598476847,32.3,31.45038002580054
1257,22.9,23.350527677248238,28.9,28.92275503314812
1258,18.4,19.62377459163349,27.6,27.991257989708117
1259,27.0,26.278626562125396,30.4,30.130713579707788
1260,26.3,25.89323537424559,34.2,33.86891010670905
1261,23.7,23.37403862743099,31.0,30.82011672363177
1262,22.6,22.289195835999863,26.9,30.01674732354394
1263,24.4,22.929196652570795,29.1,28.27638236077422
1264,26.2,26.434344175044657,35.5,34.792221498258584
1265,21.5,21.26306029260195,30.8,29.56224558191218
1266,19.8,22.559434295427877,29.2,30.07182874036579
1267,24.0,23.6053251867595,28.5,27.35666684026404
1268,24.4,24.381222673670095,30.1,28.74130796103759
1269,22.2,23.84299220028049,29.4,29.36549368041767
1270,26.1,25.78407482287696,28.4,30.57442811806567
1271,21.9,22.081090178640352,29.4,30.05747321589638
1272,24.9,24.989793357114877,31.3,30.803752326146594
1273,24.1,23.195062315732002,32.4,30.333606633776014
1274,23.2,21.58119804850469,32.4,30.384191287186752
1275,20.2,22.33309561567478,28.9,29.079551215404308
1276,23.2,24.703094923700633,32.5,32.72931993746414
1277,21.8,21.06164119958828,26.8,26.422963447625875
1278,27.3,26.18406650496479,31.5,30.86758571814977
1279,26.0,25.50418466544363,33.5,32.6590453626489
1280,22.9,23.193176158234564,30.2,30.58704653197475
1281,27.7,26.54621823105174,32.8,33.36902133790727
1282,23.0,23.580398805573736,31.6,32.85457476827327
1283,19.8,22.642378258212716,29.2,29.470183734840816
1284,23.8,22.665054509283664,26.7,26.35567338057575
1285,20.5,21.30039004704986,23.7,25.120775533362178
1286,22.7,24.234219711466153,25.9,30.563909171470698
1287,24.4,23.798192181047853,26.8,26.469899226440702
1288,17.0,19.342258928921524,26.8,26.41718905853287
1289,24.0,23.222634547536018,30.6,30.355332669307074
1290,22.5,23.344300917358737,27.2,27.2604784933676
1291,22.4,21.563789974229053,34.2,33.80058079319173
1292,22.9,22.87122476935076,31.5,31.02392536682703
1293,18.2,19.2498235881078,31.4,30.87691485488915
1294,22.5,22.23496006829862,28.8,28.33156191010221
1295,24.5,22.754040113237693,31.6,30.305284253644402
1296,25.7,24.430546703321852,34.4,33.831243254140986
1297,27.1,26.820692603823545,31.0,30.538832877592483
1298,24.9,25.022211247380483,32.2,32.326380074607584
1299,25.5,26.28709473677077,31.4,31.14685304111208
1300,21.8,22.67613440248124,30.2,30.716707760336305
1301,23.3,23.77563529915369,24.2,25.835725166305792
1302,22.6,24.034341091410965,26.3,33.05806082948283
1303,19.1,20.45328773171252,23.0,23.71032066553107
1304,23.3,25.847725840254384,28.4,31.509947137908966
1305,19.0,19.994713007618657,27.4,27.19360448356332
1306,19.4,20.302198196651716,29.7,28.127369590944397
1307,23.8,23.731916815587965,27.3,26.752197549298387
1308,21.6,20.57131120182919,26.3,24.151024290727037
1309,25.5,25.14347215244743,33.2,32.385561256203516
1310,23.9,22.592951583097033,32.4,30.002425764463794
1311,24.1,23.438770750614026,28.1,28.911860764799542
1312,20.1,20.294374407276337,24.0,25.62194029034015
1313,25.1,25.131506366496183,32.0,31.255582098610375
1314,17.9,19.00991248837977,25.7,25.65965957089594
1315,26.9,25.904556198281625,33.1,31.396701201710073
1316,17.7,19.34747359227879,33.1,32.611977915323166
1317,20.3,21.72687219222746,28.9,30.102600863352905
1318,23.9,23.26725005007563,28.1,29.613265676100525
1319,24.3,24.145901753032945,29.3,29.355659540913678
1320,23.4,25.511692100301957,33.1,33.532076115760674
1321,20.9,20.8159698447721,23.5,24.0109934653471
1322,19.4,22.369207950078817,31.1,30.802637543955996
1323,27.3,27.17762219477413,34.8,33.83087390111149
1324,22.3,22.994886053622054,29.3,28.973748827308896
1325,23.7,24.02501133406804,33.5,33.31388175566633
1326,23.2,23.952016961455797,29.2,29.73969699919877
1327,25.7,24.500403130086283,33.7,32.07424951056805
1328,25.5,25.01528660021495,30.3,29.780993858754698
1329,22.1,21.258902982693712,29.3,30.023508551385078
1330,24.2,23.26161468635064,31.6,29.754124421779466
1331,23.1,23.12993571329548,32.2,33.13737522102974
1332,25.1,26.21326334107539,33.9,34.15746290996856
1333,24.9,24.08377934782061,28.9,28.727575472548835
1334,18.4,21.992895242325858,24.3,29.171150446501258
1335,26.1,25.516638202892636,30.7,31.040054212272764
1336,21.3,22.08932034775114,26.2,28.056557770073823
1337,22.8,23.299261955929637,27.1,27.20915410730254
1338,23.1,22.26103017315222,29.2,28.876946858482086
1339,26.5,24.714030230155686,30.1,28.795868248872523
1340,25.5,24.742634897845278,29.4,29.036621661871038
1341,23.4,24.51965326925074,30.3,29.909711831905838
1342,24.5,24.14163249159833,33.2,31.67079487012029
1343,27.9,27.12310311389058,32.7,32.724981293857184
1344,24.4,23.465521146905644,33.0,33.035196870139316
1345,26.8,25.626906507323497,32.3,31.498031833125196
1346,19.6,19.909740660230568,22.7,24.08712904225564
1347,23.2,22.226490770627947,27.9,26.64601512213926
1348,22.4,22.427817460141682,30.2,29.385509993302037
1349,18.5,20.9836708774302,25.9,23.788878821347396
1350,18.6,18.748548182377817,26.8,26.25782100298909
1351,20.2,20.616015480268516,26.9,26.744444629437396
1352,23.1,23.391661275512888,28.6,30.261291455552282
1353,24.1,24.363299371981043,30.6,31.400291241906814
1354,24.9,24.902227687065192,32.0,31.599778101548168
1355,24.0,23.357903512845837,33.1,33.675785499161066
1356,19.0,24.1611685976153,26.8,30.75929849494821
1357,21.1,21.372118481167945,26.6,28.293456673921924
1358,25.5,23.951426869441093,29.1,28.75021796138941
1359,23.9,23.254798712449656,30.5,29.87313789641337
1360,26.1,25.065322595401426,28.5,28.123956767926927
1361,23.5,22.925607910579288,25.2,24.802560408269755
1362,26.6,26.219711098835205,33.3,34.058232715095244
1363,20.7,20.938267857348592,27.9,28.350887998600058
1364,22.2,23.32493914533677,26.0,26.85675087411346
1365,25.2,24.646167092056658,29.6,28.854670053134157
1366,24.1,21.631108605621534,26.5,26.307142772157817
1367,25.7,26.098060596086498,33.5,32.94375618044154
1368,24.0,23.418904464947786,26.2,26.960275314107605
1369,19.9,19.64230582150003,24.8,24.447953131631323
1370,21.3,20.21917959065854,31.6,29.56306585259756
1371,27.5,27.098668465102264,35.8,34.012668809178365
1372,22.1,22.189044266603787,29.6,28.74922869707092
1373,23.8,25.26281580493435,29.0,29.944476359641953
1374,24.3,23.443233531601095,31.9,30.644859488567533
1375,23.1,23.264852298729238,32.6,32.62639538397383
1376,22.1,23.159078759967883,30.0,30.942730831199412
1377,19.2,19.813801516325498,25.3,26.354040169614905
1378,23.8,22.28579167321061,30.9,30.077760555666487
1379,15.8,19.359360137471526,27.4,27.34644868193567
1380,21.4,21.616424274299447,30.8,30.47176111273484
1381,24.0,25.97297994815051,32.2,34.00484614664185
1382,22.4,22.01602163177006,26.9,28.18190252894243
1383,26.6,25.08672458791534,34.8,32.83022983044356
1384,23.2,23.195378088193365,29.2,28.639039031459504
1385,20.9,20.65906974287634,28.9,28.253411054633432
1386,24.4,23.976934718146026,27.5,27.91575696265869
1387,22.4,23.53232110441229,30.1,30.49036306047526
1388,24.1,24.176592287451513,27.3,27.27690692084707
1389,26.0,24.554212076945532,33.1,32.43686576175361
1390,22.2,21.37106278583701,31.7,30.643827631580848
1391,18.7,19.149860537681093,27.3,28.04238839505382
1392,21.0,21.89097393922384,30.8,30.169015230769162
1393,23.8,22.017253985036746,26.5,26.70861065351704
1394,27.2,26.766157516554927,35.9,35.49400905688128
1395,21.1,20.780269890276145,24.1,24.571772308352593
1396,23.9,22.2295798688358,30.9,29.87456573996758
1397,24.0,24.82889882001234,35.2,33.64171885049916
1398,25.7,25.725584677068127,28.5,28.723429795671848
1399,19.2,21.01951708450872,28.3,28.39819734658886
1400,20.9,21.841885430463208,28.5,30.04530172238168
1401,16.5,20.182925303826664,25.4,25.90298337203683
1402,23.8,23.99352580369657,28.0,27.49808440933873
1403,23.1,22.629263750198675,28.5,27.907826219769788
1404,23.8,22.952682320092663,33.2,33.11817243477071
1405,22.0,21.369560099725845,26.2,25.49031555336245
1406,24.3,24.01748683881192,26.0,26.976572467488097
1407,17.2,19.609282747577367,28.7,29.494273958615565
1408,22.2,22.755007199755482,32.4,31.987099758737543
1409,26.6,26.500578358744974,35.3,35.576361388366195
1410,20.8,22.147332157757432,30.2,30.665032367253843
1411,23.4,23.241527982721095,28.9,28.548657498936564
1412,24.9,24.126768064070802,26.4,26.189983411136097
1413,22.1,24.10592392232911,30.8,31.63096929416122
1414,26.8,26.317826039158717,34.6,34.376942486208634
1415,18.7,20.61235856165456,27.8,27.935535032776954
1416,22.8,22.541639353972187,33.4,32.469165629320514
1417,23.9,23.730473889129826,33.0,32.09400647349298
1418,23.0,21.46640426373301,30.5,30.65777036695863
1419,26.9,26.860940360837162,34.9,34.153077815176175
1420,21.4,21.205408400454644,27.6,26.449142992475345
1421,27.6,27.25556642297022,33.0,32.17548463713126
1422,27.0,27.294238822714874,32.0,32.64873679414086
1423,22.6,23.24240169267648,26.9,27.972964501223657
1424,25.8,25.614868839928818,31.1,31.340024551827923
1425,20.2,21.309177342247608,29.2,29.64171474822058
1426,24.8,24.848401706834352,28.4,28.456861980283293
1427,22.8,22.66696426353883,25.2,26.103271156039625
1428,19.7,20.090151407010467,26.7,28.120581339022465
1429,21.2,22.486544963514575,30.7,31.007184568590446
1430,23.9,22.424308669347738,28.5,28.697914033594657
1431,20.5,22.455061728088367,32.7,32.27902942316297
1432,22.3,21.234233771170693,32.1,32.52823711011416
1433,22.8,22.917040700046186,31.9,31.199654336956655
1434,22.0,23.194499299831705,29.0,28.27125281678724
1435,24.1,23.126214468548824,28.1,29.149740477890532
1436,23.9,23.271878751025724,28.9,30.650549627442274
1437,22.7,22.660280699634086,29.4,28.795529547039735
1438,24.1,22.691690271171638,32.0,30.35080705953402
1439,22.2,22.58538843480767,25.2,25.629186319100597
1440,21.8,22.589290166842602,28.4,26.985673012914503
1441,26.6,26.116892435337377,34.1,32.05136717089471
1442,20.4,21.05123025020623,29.9,27.500853101066355
1443,23.2,23.682207645730045,31.7,30.68216265703046
1444,24.2,23.94262328903642,27.0,26.423184980016515
1445,20.4,20.95690792515427,28.9,28.776912796731892
1446,23.9,23.461363644154744,29.6,28.12385047139304
1447,24.1,23.021701879160673,33.1,32.84503610405375
1448,22.9,22.77905637003198,32.2,32.65353559039124
1449,27.0,26.47886321135718,34.1,33.808653882790566
1450,24.8,21.84845349545253,30.6,30.784535465677777
1451,23.4,22.788908067940042,26.6,26.74473497840006
1452,22.4,21.68111479566653,32.2,31.44761206700099
1453,23.7,22.946581750293717,27.9,27.909781411270046
1454,22.9,22.37618429287238,28.6,28.002672250877765
1455,20.0,19.724794900810707,27.5,27.732888907859035
1456,22.4,24.4387958080016,33.1,32.12984518292075
1457,23.1,23.590598140629822,29.8,28.63949902958211
1458,26.7,25.438457883007004,32.3,31.546111462071735
1459,23.5,25.99494637587088,31.4,31.419081633846417
1460,26.4,25.840401680609716,32.2,31.47115387448531
1461,18.4,18.102867045338712,23.4,23.091150253816636
1462,19.8,19.978391364847994,27.5,27.723326927054643
1463,22.1,22.169900824059823,29.9,30.909935617470524
1464,24.3,24.056127518129642,30.4,29.672150695321363
1465,27.1,26.383273877222564,32.3,30.673424402298963
1466,26.5,24.993885537008737,36.2,34.69052183220373
1467,28.3,27.69322393339371,34.2,33.60349559449304
1468,20.9,20.623555163075935,24.9,25.342420157309164
1469,23.6,24.279185751644036,30.1,31.745164032437287
1470,25.4,24.655417370176565,32.3,31.96145284400427
1471,27.2,27.22473711992086,31.0,31.51987223057978
1472,22.5,21.23199733584954,29.9,30.26649523354797
1473,27.2,26.191533760242464,31.8,31.096307128021124
1474,23.0,23.190132589275436,24.7,26.138094362964637
1475,26.4,26.73923463816766,31.8,32.71551530185752
1476,22.9,24.812108377469826,29.0,30.46844519697686
1477,28.3,27.18037804466485,33.2,32.017603620812736
1478,27.8,26.94775436845464,32.9,31.495785443824957
1479,27.4,27.17846592111914,32.2,32.28415515879624
1480,24.8,23.808429034562096,33.3,33.14392293499861
1481,26.5,25.420369914579624,33.1,31.80490800513826
1482,22.1,22.90138051055203,25.8,25.552119484962077
1483,23.6,24.252811037395986,30.9,32.65236569570527
1484,24.5,22.94054308340492,31.1,31.379561134636447
1485,24.5,25.241398538239082,31.0,31.82468720237381
1486,18.8,20.17800067903397,27.5,29.416528437507054
1487,24.6,23.27796632931893,27.6,26.849660887228822
1488,23.1,23.523390042679694,28.4,28.835550730091086
1489,19.1,18.344198592510338,29.0,29.285352118182004
1490,20.1,19.629775045393558,25.1,23.818740017008167
1491,20.8,21.937598593051348,23.1,24.83650283425419
1492,23.2,21.445599395360887,31.7,31.700314395545263
1493,23.2,22.005803163694168,29.4,29.097248025920976
1494,24.1,24.960069737033905,30.2,31.24205010365523
1495,21.7,24.2543938173593,22.4,26.49208825446709
1496,23.5,24.695342242706147,31.9,31.358598098885864
1497,25.3,25.074795925415856,31.5,31.87382986705984
1498,24.8,24.07301883609898,26.6,26.664403388430514
1499,19.8,21.885923951566838,29.0,30.606722167978603
1500,22.9,22.54150929570619,27.9,28.033139058830102
1501,21.0,21.0601862547079,31.4,32.1006895989845
1502,22.6,23.511234971964882,26.5,28.083861379760663
1503,22.6,22.367985355116957,29.7,29.92095407810757
1504,24.0,22.09484434182241,30.1,30.29572680192109
1505,20.8,21.884676874107072,28.7,29.745157071649544
1506,21.3,22.920188686110578,30.0,29.60291431882223
1507,23.0,22.398945433800236,26.8,26.64496663323729
1508,24.2,25.286510222585548,30.7,31.2054475773715
1509,22.6,22.886614965559033,32.3,30.90735706613424
1510,22.9,23.3817165158149,32.7,32.02210323489112
1511,27.9,27.0951842324032,33.5,32.36674025468682
1512,25.2,24.993884372023558,35.7,33.597641879224625
1513,26.4,25.055091186825507,32.1,30.575086993282355
1514,19.2,20.320218399431155,22.2,23.208451630101763
1515,25.9,26.11436617045365,33.4,33.96525906045326
1516,23.2,23.11920644787881,28.6,27.821574118479646
1517,23.1,22.974639982653798,27.2,26.36431883718012
