,Actual,Predicted
0,23.7,23.865756421610058
1,20.6,20.142748771512856
2,20.4,19.404483862637676
3,27.2,25.949238991238644
4,24.6,23.503462233366804
5,23.1,23.932592992269747
6,20.6,20.492868821845832
7,25.1,26.61211872631759
8,23.0,24.87163610128823
9,21.5,21.472022192028362
10,25.9,25.233673920816045
11,19.2,19.30762629695755
12,21.3,21.06334534791847
13,24.5,24.435055942675717
14,21.6,21.737233112310037
15,20.6,21.28791582857707
16,26.3,26.064305090498806
17,28.9,27.012840985632806
18,25.7,25.356410649478562
19,26.5,24.451631821593764
20,26.4,25.194742432224416
21,23.0,23.137525544209325
22,24.0,23.753994694577955
23,24.8,24.72372962808845
24,22.8,23.109741458122926
25,25.2,24.477803744471316
26,23.8,24.100023202794773
27,23.0,24.22893795365121
28,25.9,25.85208805066702
29,23.7,23.44411661604329
30,24.9,24.196686057983243
31,23.9,23.607283923676277
32,19.0,20.78057132331685
33,22.4,22.72144152636554
34,23.1,21.036714505296914
35,23.3,22.941604215301595
36,25.2,23.79544974241537
37,21.3,22.150489543568483
38,25.4,23.539099761433363
39,24.3,23.327671753724758
40,19.8,19.036155816134055
41,20.1,18.930218934555455
42,20.1,19.59620483128606
43,18.8,18.25028795137166
44,25.4,24.93460086824166
45,26.1,26.544155773274838
46,21.2,23.013897018928674
47,21.1,21.948762537583093
48,25.1,23.516904445099044
49,23.6,24.574293685231964
50,26.7,26.08143671839798
51,22.6,19.988461015222924
52,22.1,21.677046335482146
53,21.7,22.137689846996068
54,19.3,20.241216791857482
55,22.7,22.90651636485711
56,23.1,22.269029219913932
57,26.6,26.14589327569172
58,22.3,22.11248718949514
59,22.4,21.58721633189441
60,25.0,24.505445307322475
61,25.2,24.134904912501725
62,21.8,21.051535184301883
63,25.2,24.96756179916349
64,20.1,20.948249461865657
65,23.4,24.21369223233137
66,20.6,20.34742827526611
67,24.7,24.723700241232905
68,21.8,24.05139220853107
69,22.1,22.18948303118748
70,19.1,20.058385063962874
71,23.0,21.721708167559996
72,23.4,22.712624016061227
73,24.3,25.64495747553076
74,23.2,23.023260941369358
75,23.2,23.92748934785891
76,19.5,21.086438905767864
77,23.2,22.430000864547765
78,26.5,26.870821978954723
79,26.3,25.913653280975154
80,24.8,24.33853595182802
81,20.5,20.528400292817423
82,24.4,25.2943712275777
83,24.0,24.746843993495418
84,21.8,22.27412336564271
85,22.6,22.413767990281485
86,24.5,23.881042706774906
87,22.2,21.72075015536268
88,21.4,22.06250259660385
89,24.2,22.78966818906781
90,16.8,17.20677007811969
91,23.5,21.784545690650702
92,20.8,21.02378278670642
93,24.0,23.62916279949252
94,24.1,23.986944505768975
95,22.0,23.25862801883909
96,24.5,23.984170395034084
97,24.5,26.500035838179997
98,24.0,23.80019637311807
99,22.4,23.26901155247367
100,18.3,19.355263606881294
101,23.5,22.741771076349096
102,20.7,20.907083166365737
103,24.4,23.651347605599085
104,23.3,23.845464928150022
105,26.2,25.77080070983925
106,19.7,19.01481090832749
107,20.9,21.882930449444643
108,21.4,22.68096537013662
109,23.8,23.125507087994947
110,24.2,25.41883330983933
111,24.6,23.346821078411153
112,24.3,23.63035108156373
113,25.9,25.25376866753129
114,21.9,23.32917686706935
115,23.8,25.174428158218348
116,27.8,26.7010675728352
117,23.8,23.267681448676512
118,25.0,24.625604669029713
119,26.7,23.96435103123656
120,21.3,23.11354292319527
121,23.8,20.80063882134675
122,20.6,20.9013849435745
123,22.8,22.828308943852676
124,15.3,18.7448495122876
125,23.9,24.019595997976126
126,21.2,23.3081162809807
127,22.1,23.552388197462392
128,17.9,21.206148687012387
129,24.3,24.381990512521043
130,19.0,19.504176062238685
131,24.1,24.792624857013266
132,24.9,26.626088596703426
133,22.8,22.265129365818666
134,19.5,20.53225434687215
135,26.6,26.53567281541575
136,20.3,20.672134957177377
137,20.8,20.368576689367387
138,19.2,20.42174094199993
139,21.9,23.811757347560615
140,22.9,23.714576154564384
141,23.3,22.866881682506687
142,22.6,25.013003648717586
143,25.2,25.027297060475235
144,23.8,23.733372586624455
145,18.8,20.478830474175425
146,24.5,24.245421727283883
147,23.7,23.5204536730746
148,22.3,21.74019333092258
149,25.3,23.662592639499394
150,20.4,20.399778991939797
151,23.0,22.30584339531174
152,25.9,24.96920613947941
153,23.1,24.562721621850415
154,18.4,19.934692190151623
155,23.9,23.044096388530875
156,24.2,25.251287852340056
157,22.6,22.11934299202926
158,26.4,26.656540615528115
159,21.7,21.950260090253323
160,24.3,23.443346012168035
161,20.4,20.70240672302714
162,22.4,22.3784473751615
163,19.9,20.952918074695617
164,22.3,23.03565686603679
165,23.6,23.10295079022535
166,25.8,25.22774178053828
167,23.5,24.401154605031138
168,24.0,23.379384212133914
169,22.0,22.221877391827434
170,26.9,25.040388884726553
171,24.5,23.69915756152784
172,20.4,19.84668473962779
173,24.0,24.20913976331417
174,25.7,24.96409905780456
175,23.8,24.30531946980807
176,22.4,21.79355514791655
177,23.2,23.469056312165776
178,22.2,23.130168316044546
179,25.1,24.212955065108076
180,25.6,24.350096842603534
181,26.4,25.13207898950168
182,20.6,20.982001332950176
183,24.3,23.64466347507016
184,19.1,21.12110621772706
185,21.2,22.805525402332933
186,27.9,23.8306102334044
187,22.8,22.507845622704963
188,23.6,24.0784969898059
189,20.5,20.040470746787946
190,24.3,23.964900415151533
191,23.1,22.290636335918634
192,23.1,22.19588572052396
193,25.0,24.227028996158992
194,20.6,23.642092864335268
195,24.3,24.07804018846582
196,22.3,22.22605693569278
197,26.2,25.513311249984895
198,23.7,23.536845187985364
199,17.7,19.694521992884916
200,24.7,24.19266184896526
201,19.9,21.96727904007264
202,21.3,20.636477351723556
203,21.5,21.447243412693865
204,21.5,21.869055237167117
205,26.3,25.129624499077522
206,22.3,22.595901553770545
207,22.1,21.84735718686568
208,20.9,22.657360070093205
209,21.1,22.744249494817495
210,24.8,24.47656479359739
211,21.6,20.48059376959543
212,21.1,21.525019202776434
213,21.5,23.4296530453513
214,23.8,24.259297847280095
215,19.2,17.041600596156627
216,22.1,22.681246587492865
217,21.0,19.924739948263095
218,25.1,24.00787541018019
219,21.7,23.256860419422424
220,22.5,23.190672144615633
221,18.7,18.966613121122123
222,26.6,24.71549816047184
223,23.1,22.771636916249236
224,16.5,15.328871130325524
225,26.6,26.719361086095432
226,20.6,20.467536641934657
227,21.0,20.592594896059836
228,22.2,23.465652403106105
229,23.3,22.479955638099796
230,22.1,22.8661920560304
231,23.5,22.400284219972264
232,25.0,26.549335947667714
233,25.8,25.6905900324374
234,21.6,21.821323983627735
235,22.9,22.407551184464296
236,22.5,21.4689818813672
237,25.4,25.132402248761537
238,26.3,26.067250412910766
239,25.6,25.087096489239684
240,25.5,25.245053984234573
241,23.8,24.636352822463778
242,21.6,21.522324063097813
243,23.3,22.839144713486007
244,23.8,23.597561760897065
245,20.7,20.58005053462523
246,20.5,19.94522111413437
247,21.3,20.697309300705
248,20.9,23.371456342604915
249,15.9,18.924770107941526
250,25.5,24.895652926679645
251,21.5,23.556413449156594
252,22.8,22.555532384144612
253,24.8,23.79444475547416
254,23.3,24.63201905294261
255,21.0,20.258836514695986
256,20.5,23.39534248822372
257,27.1,27.292107283319524
258,22.2,21.72230322708208
259,24.2,23.81943201635545
260,26.2,25.475876566926104
261,23.8,23.493958027944586
262,19.5,19.735865213670195
263,23.1,22.697958970161153
264,21.1,21.336173358378232
265,21.9,24.34832043164215
266,20.2,20.03613357581696
267,22.1,22.49287086261984
268,25.5,25.63129518672224
269,24.7,24.618353115416767
270,27.7,24.512238685698435
271,24.4,23.531052975217108
272,21.1,23.293784627548803
273,21.7,22.58791600049642
274,23.3,22.601098951070867
275,21.9,22.147874270685065
276,22.9,22.000562113157912
277,26.8,25.555001181940497
278,26.6,25.74714640554089
279,20.6,20.462170459441836
280,22.5,23.472605662135834
281,24.0,23.365978837214243
282,23.0,21.53099809151695
283,25.2,24.809102684564778
284,20.5,22.414698819675323
285,24.4,23.377900143108604
286,25.5,23.913220721727157
287,20.5,20.58168212499288
288,24.0,23.125221904561613
289,22.8,22.723653397562202
290,21.1,19.6917025379488
291,27.1,25.979948526865996
292,24.8,24.16253674772588
293,25.6,24.29859392297635
294,27.8,26.63502353962633
295,21.1,22.27375579369982
296,27.7,26.416254062055827
297,22.6,22.505939393007566
298,24.5,22.8903958405333
299,22.4,21.011273979015527
300,24.2,23.503921355759644
301,23.7,23.353186955724937
302,24.5,23.465896014959185
303,19.4,19.329410450524847
304,25.3,24.120165701711358
305,24.1,22.92909153940934
306,23.9,23.54133416550701
307,20.7,22.08033723323183
308,27.1,26.787919854747543
309,23.3,23.289180172642432
310,22.8,22.16207766484399
311,23.8,22.631034059777562
312,21.5,21.4917760403074
313,25.0,25.074068164791356
314,22.7,23.001563079826155
315,21.6,22.351197636181496
316,18.5,20.674080375644508
317,24.0,23.21187684259803
318,21.3,21.49041605441664
319,20.3,20.655393601592323
320,23.6,23.59199215747867
321,22.8,23.203477215647126
322,20.9,22.191707026883364
323,23.6,22.931247231873613
324,23.9,23.927975095073975
325,21.6,20.838753408924504
326,20.6,19.141725189245108
327,25.0,23.999612955359453
328,14.2,17.787638106730697
329,22.4,22.752576702519377
330,28.6,27.11298871257054
331,24.1,23.12458177822907
332,21.5,20.888877684236604
333,23.3,23.441870620231043
334,23.0,22.207812673776402
335,27.2,27.27140509026765
336,22.1,21.402550084912832
337,20.0,20.738322822705186
338,27.6,26.098195541883683
339,25.4,25.69788420906559
340,24.3,23.991638935484048
341,22.4,23.58330177683831
342,21.1,22.578705525238547
343,23.6,24.326672064857235
344,20.5,21.464385267728744
345,24.1,23.564664349423083
346,22.5,22.086101750553325
347,22.3,22.21478276038772
348,22.1,21.94028962291759
349,25.9,25.14980299044157
350,22.9,22.188449189584617
351,23.0,22.514664024607214
352,23.9,23.454327031162165
353,23.3,23.6490068111558
354,22.4,25.772203916909916
355,23.9,24.24119609678405
356,17.9,19.221842786591992
357,25.2,24.785076866140116
358,23.4,24.378663106463478
359,23.5,23.187880530969892
360,23.6,23.74321907738772
361,24.4,22.163783322160953
362,23.0,22.378157575004366
363,21.9,21.546343547793526
364,21.3,23.096894103757677
365,27.8,26.60852713006932
366,22.7,21.947716026974035
367,25.0,24.906444378944457
368,22.7,23.56907651113488
369,24.0,25.079955447718362
370,25.6,25.248233661003724
371,23.3,23.633270548332348
372,24.5,22.98398526689016
373,26.3,26.20442218973642
374,23.0,24.840698951691593
375,24.9,24.363229340696307
376,21.1,20.154026979800733
377,24.9,25.518198124944092
378,24.1,23.64846029705643
379,25.9,26.42876361405399
380,23.9,23.006402595121585
381,25.2,24.035078263198216
382,23.8,23.50664763413147
383,25.1,24.878505189412294
384,21.5,20.123978484357053
385,22.1,21.28008337510869
386,26.6,25.788922414348917
387,24.2,23.67391047010142
388,24.7,27.197720810804526
389,26.3,25.968795973827127
390,26.8,25.720319695635567
391,18.0,16.856532432094014
392,22.5,23.03780892349687
393,26.0,25.995268705410695
394,23.6,25.4689230425073
395,21.6,22.659906572894442
396,25.7,24.96513047315193
397,27.0,25.817397150155102
398,26.8,25.458239474742413
399,23.7,26.358011950923242
400,20.8,20.57027253935678
401,23.2,22.43294163749181
402,24.7,24.35642879299496
403,20.0,20.605347939696685
404,20.5,21.040032333100726
405,21.3,23.573606776336987
406,24.8,23.235257190882407
407,23.1,23.377478351397258
408,21.8,21.880095135018223
409,24.7,26.617254422556016
410,25.1,25.16320861784186
411,19.4,20.361198758262276
412,25.0,25.508833425171474
413,23.1,25.023538248831187
414,27.6,26.29187439869179
415,21.0,20.670145968590532
416,24.8,23.239080516979698
417,23.4,22.119942873087666
418,22.3,23.42179954389644
419,21.1,21.11554153416705
420,23.8,24.11015481228435
421,22.9,23.321611618800034
422,23.5,23.580130752258015
423,27.3,26.04048068763393
424,26.5,25.787775027258135
425,26.0,26.41543945625756
426,18.4,20.062255803534185
427,21.8,21.180785043956348
428,23.5,23.484824606304755
429,21.8,19.852917403147444
430,21.1,20.901738711309804
431,23.4,22.671201838744537
432,23.2,22.187987325011704
433,23.9,22.982410041454727
434,25.0,24.357688513409926
435,20.0,20.171449014126324
436,24.0,23.45577527611033
437,19.1,19.14857294257149
438,19.5,21.36438811874598
439,20.4,21.859394077202296
440,24.1,23.54016455753697
441,23.6,24.06034430478155
442,25.9,24.186905501695378
443,21.7,21.837147650909174
444,25.0,24.531503035034234
445,26.1,24.798607521357894
446,25.0,26.06588485041584
447,26.2,26.128669809926237
448,21.5,21.922668620308286
449,23.5,23.379827495323298
450,22.5,22.101216100208262
451,22.5,21.714701528204955
452,26.7,26.050120173541927
453,21.6,20.253445042225735
454,22.8,24.116645138800777
455,22.5,21.818901794933936
456,24.6,24.720494534573163
457,21.5,21.640585189999456
458,22.9,20.78549221593073
459,28.0,27.636456620189733
460,23.4,22.485139120559438
461,27.0,25.811679460869527
462,21.3,21.192119554549777
463,20.6,20.71718799949099
464,24.4,23.613377276034385
465,26.8,26.485992546811417
466,20.4,20.13240529103689
467,25.3,24.842124051069277
468,21.1,22.292874569046262
469,21.3,20.16480121880886
470,24.8,23.94516835152797
471,21.6,20.962746006610473
472,23.5,23.79649786584025
473,23.0,23.68110467079066
474,25.2,24.12561001859683
475,23.6,23.516062288997432
476,27.0,26.63670476658342
477,23.6,24.410622801678983
478,26.0,25.984943382505662
479,19.8,19.45740820438084
480,22.7,24.597648094409465
481,27.6,27.16536054954588
482,23.4,22.623203182965995
483,24.1,25.31302380257
484,19.4,19.14239671031794
485,24.2,24.724978688846818
486,27.1,27.24143262895609
487,20.1,18.853194432831742
488,25.9,25.370035278662385
489,22.6,20.968404867785353
490,24.7,24.908508866064153
491,24.3,22.186153700573982
492,17.2,20.38898070520179
493,26.9,26.846775745880564
494,21.5,22.665725640157007
495,25.8,26.25546197786366
496,20.3,20.049818450716202
497,25.4,24.541722475795837
498,22.2,20.700877697216242
499,22.6,22.748830756823963
500,24.8,24.01238464154312
501,18.5,18.86948652909291
502,22.1,24.061029029572296
503,17.6,17.774528819000352
504,22.0,21.01810186632497
505,22.3,22.416498236013467
506,23.6,23.131605500487694
507,17.6,18.066841190329797
508,24.2,24.110790136254423
509,24.7,23.35494233389568
510,27.6,26.304413940788095
511,25.9,24.314218638024272
512,26.5,24.913919259388308
513,19.9,23.590350726817064
514,27.0,25.97945593792167
515,25.1,24.21429239148813
516,22.4,22.34572057907849
517,24.2,23.743169544971124
518,20.2,20.72910361885306
519,26.1,24.632627116409935
520,23.6,22.69762373472588
521,21.3,20.9283650055512
522,23.3,22.940355468668486
523,22.1,21.897126803389142
524,22.8,21.925732186459868
525,18.6,19.120195666364452
526,24.4,23.872482111020418
527,25.0,23.740128871927595
528,24.6,24.646173950897833
529,21.6,23.704641468935733
530,21.5,21.458723839562026
531,24.2,23.72864981377643
532,19.3,20.421778269923152
533,24.2,23.17049783025061
534,24.1,25.174973381846826
535,22.7,24.602436209082725
536,28.6,27.599119225874347
537,24.5,26.394660187909267
538,22.5,21.758988915841087
539,22.2,21.721946035378892
540,21.6,24.966699093933585
541,20.4,21.576746718794084
542,24.5,23.686326813609185
543,24.4,23.08567364667067
544,21.9,21.296645851314338
545,25.1,24.7650499314866
546,21.6,22.50653161464936
547,22.0,22.144675544518577
548,22.0,22.174327810265368
549,23.4,24.330569215307037
550,24.3,23.115047877174902
551,26.0,26.436459461402364
552,20.7,20.504043890303933
553,24.1,23.6193699957405
554,26.9,26.664298188280554
555,22.4,23.670172407242944
556,26.8,25.079740234346332
557,24.5,23.8655922582808
558,27.3,26.27983281223544
559,25.8,26.03876507465759
560,25.4,25.08738138584306
561,23.3,23.424560246592932
562,26.2,23.80606486678323
563,20.6,21.184175482830483
564,23.3,22.66720852570097
565,21.0,20.772810623414102
566,21.8,22.294104663841495
567,25.1,25.220974725887345
568,24.0,24.668093649184357
569,22.8,22.854947020769828
570,27.8,26.513428383367796
571,18.2,16.07724853670004
572,20.6,21.863804521854945
573,24.9,23.923906921629396
574,20.5,22.241686828126717
575,25.5,24.922445127913534
576,24.8,24.003886597579367
577,27.4,26.333136340131205
578,27.1,27.268185611105878
579,24.9,24.654159236658757
580,25.0,23.822857628054294
581,20.8,21.64739642216773
582,22.8,23.988842082375186
583,25.5,23.75635960165266
584,19.6,19.16300330706008
585,20.9,21.889806173193392
586,25.7,24.69843831725416
587,23.5,22.865493840389718
588,18.1,19.949160693206977
589,18.9,18.167774073250143
590,20.8,21.91597242714795
591,23.2,23.15750779180655
592,26.3,25.00487434291483
593,22.4,22.317311446524855
594,23.2,22.98514957531654
595,21.1,20.305516685937278
596,26.0,24.79270045704277
597,23.5,23.249146806615386
598,18.2,18.016533905863753
599,26.4,26.70924215143441
600,25.4,24.540686752585316
601,22.5,21.04237133567017
602,27.4,26.492246874000216
603,25.7,26.116395914899385
604,16.3,17.253400413722147
605,23.2,24.472739245012917
606,25.3,24.767593314011833
607,23.5,22.866043522892483
608,24.8,24.148125894867007
609,22.6,21.778513269045447
610,20.5,19.49273320907082
611,25.0,24.95853138948064
612,23.3,22.05050013660957
613,25.2,24.59926852498586
614,22.4,21.459466407824834
615,20.8,20.975110292329305
616,22.3,22.222233829608967
617,23.0,22.464671214936743
618,23.9,22.859121833741597
619,24.2,23.840280408067883
620,23.7,23.266646459551907
621,23.9,23.89666056197973
622,24.3,20.67699685713262
623,24.1,24.370469866158828
624,23.8,23.616648758973838
625,26.2,25.152258232848567
626,20.2,19.72204449162473
627,25.8,26.136165575540417
628,23.7,24.837473822102197
629,18.4,19.12218072593521
630,25.8,25.21723770867345
631,21.7,21.437410230091587
632,21.6,20.968276870283262
633,22.7,22.34001600543627
634,22.7,23.29141122221381
635,19.8,19.30579048093216
636,23.6,24.258366613923954
637,22.5,22.65920623681518
638,23.7,23.30191460786989
639,26.6,26.141190835018392
640,22.9,23.358435617508576
641,17.4,17.990237469467843
642,23.7,25.956324169097797
643,23.9,24.664577933235705
644,26.6,25.950878795748736
645,20.4,20.798313029458313
646,22.5,22.69310269187315
647,23.5,23.808011694600737
648,24.8,24.555116021377785
649,20.9,21.895226878849257
650,23.5,23.528094026415943
651,21.8,21.09276619588877
652,23.1,23.00184916908836
653,24.3,23.34423390182792
654,25.5,24.78913876599711
655,24.3,23.79786783369525
656,23.8,23.3265585703449
657,22.8,22.582158200903336
658,26.6,25.49199432690716
659,23.6,24.20618866211987
660,18.8,20.95133311321956
661,22.9,22.634081937184988
662,21.6,20.993781757401166
663,20.5,20.519004957667335
664,27.5,26.000559803486226
665,20.7,20.75827185037099
666,25.8,25.897077271015178
667,23.4,23.2231439214014
668,22.8,24.34623859036492
669,21.2,22.462401519693685
670,20.8,21.989994590477636
671,24.3,24.53993448316487
672,26.2,25.43187123549785
673,24.7,24.871057645421274
674,28.6,27.123625810859835
675,27.0,25.863679841505018
676,22.9,22.110553077551685
677,21.5,21.423477842103125
678,24.9,23.939243711156223
679,25.5,25.435568206963012
680,23.8,24.420931336765307
681,26.6,24.690252685566406
682,24.0,24.398618435200888
683,24.1,22.638351220788763
684,24.6,24.143395606566628
685,21.4,23.243826417608375
686,21.6,21.73423979600466
687,23.2,22.53184081620725
688,29.6,28.16225237664264
689,22.1,22.406182226892497
690,23.7,22.968730683023296
691,27.7,27.710959061617018
692,23.4,24.87569867381933
693,21.5,23.78957850312929
694,22.0,21.568193158061263
695,26.1,26.730053333564342
696,21.1,21.164130535234563
697,21.5,21.457181383960233
698,27.4,26.628719292235246
699,25.1,24.435439306866442
700,25.3,24.603704652710462
701,27.2,26.730626223572813
702,21.3,22.459576788983327
703,24.4,22.94916775849265
704,21.0,21.364587651949705
705,22.1,21.517432852598745
706,23.9,24.333887363053464
707,25.1,24.44731568686359
708,26.4,25.768748832797087
709,21.7,25.206622217296967
710,19.3,20.55241675369666
711,23.6,23.02734238365565
712,20.9,21.097008136344357
713,23.7,23.181161981129094
714,23.8,22.973082393486493
715,22.8,22.26989473082267
716,18.5,20.573216777371158
717,26.2,24.71860542978675
718,17.8,17.22794607953915
719,26.0,24.925147659639833
720,23.9,23.402361996567947
721,21.5,20.61040405047288
722,21.5,21.636661987657135
723,26.4,25.19148568732396
724,24.9,23.711279039109513
725,27.6,27.022186288495618
726,26.1,24.949835038947526
727,19.6,21.33370129321338
728,26.3,26.73877674637845
729,20.2,19.866701253463475
730,23.0,23.912212912107975
731,17.7,19.25954984843827
732,18.4,16.68302071473488
733,27.4,26.148566825267608
734,20.2,22.122996191010316
735,18.6,21.498656534478528
736,24.6,23.427383422690696
737,22.6,23.452102985798092
738,24.3,23.425264224290004
739,18.4,21.06581398829826
740,23.9,22.86489167869229
741,23.0,22.368308111242754
742,24.5,26.603664705479105
743,22.3,23.067883524211766
744,25.4,24.468329055273784
745,18.1,19.30077296963225
746,23.6,23.049320001996534
747,25.5,24.549136813868813
748,23.8,22.95597684887855
749,26.4,26.678920493882515
750,24.2,26.398684060547225
751,25.0,25.9671431061156
752,23.1,25.05268242694683
753,24.7,23.385558412940554
754,25.3,23.335562040713285
755,23.9,25.375028028629572
756,19.8,19.054606558990827
757,21.1,22.973350878831752
758,22.2,22.857384909222674
759,26.7,25.406278232805334
760,20.9,22.538153362531034
761,20.7,21.169574281668133
762,22.2,21.673219252785202
763,23.5,23.34247469676427
764,18.9,20.517036675400732
765,20.6,21.69033779873405
766,22.7,21.242448671270722
767,22.1,22.36927895940846
768,23.0,22.965068729228392
769,18.8,20.511796879813005
770,22.2,22.45611730480357
771,27.1,26.77547807876158
772,24.1,24.014766719354157
773,21.7,23.66026355442068
774,27.0,25.844030144922158
775,25.3,24.240349340734497
776,25.5,24.896867114473707
777,17.3,17.51613312233212
778,23.2,23.681862728495616
779,22.5,24.594717347052438
780,24.4,23.821474291073287
781,23.6,23.27960872341407
782,20.9,20.959969602003866
783,23.5,24.126428967671586
784,21.3,22.440333938712683
785,23.8,23.638801895946244
786,24.9,26.193220643122118
787,21.3,20.954996901900927
788,22.4,23.14572392088803
789,24.0,23.717355251765525
790,23.3,21.83788429644244
791,16.5,19.131469467145962
792,22.9,21.487401879013305
793,22.4,23.514331920489212
794,23.2,22.63045100047941
795,25.0,24.798756136154225
796,23.2,23.04470952972497
797,26.6,26.576835584173296
798,23.0,21.390651364550763
799,22.9,23.295074265209223
800,23.6,23.69722363574465
801,21.4,21.971019440421514
802,23.5,24.20243353964827
803,23.9,25.72750901360098
804,24.3,24.087218987526057
805,26.5,25.517438804273183
806,23.8,23.992292827135543
807,21.9,22.611004983897374
808,21.9,21.9986382409993
809,23.0,23.093578173809192
810,24.1,25.169971542941994
811,23.8,23.294323840009838
812,25.2,24.133416074499905
813,24.3,24.924717329064606
814,20.2,21.32498330523265
815,24.5,22.690028622494538
816,22.9,23.480914356893322
817,24.4,23.69523667345493
818,27.3,26.370634021637443
819,23.2,22.516113257213078
820,26.2,26.2358142615509
821,24.7,24.25706463478616
822,19.9,20.768658926870785
823,24.5,23.590955312162805
824,23.2,22.36698651429674
825,17.2,19.088600215023916
826,22.0,20.789029424755427
827,21.4,21.104209856644275
828,22.3,23.284961209212724
829,25.4,22.57862649770709
830,19.9,19.369178459542354
831,21.3,21.730889193992425
832,24.2,23.270001910984547
833,24.2,23.9126167160116
834,25.2,24.28672564617966
835,25.6,24.77850890461673
836,20.1,20.11006423655715
837,22.2,22.22572672540832
838,24.6,23.346430617572423
839,22.0,19.431692772425436
840,22.9,22.199604821544654
841,22.9,22.121612382115018
842,22.1,21.025696805107486
843,26.6,26.55303197547937
844,18.4,19.525924594612434
845,22.2,22.144973037873683
846,25.4,24.928108292117713
847,22.2,21.59287190668624
848,26.1,27.019197390951604
849,26.4,24.897789376975652
850,18.6,20.202809226034333
851,25.0,25.92383990361293
852,21.5,22.851271172417796
853,23.5,23.077406787809423
854,20.6,20.803341807534593
855,25.5,25.075729804316097
856,24.1,23.645397426832233
857,26.5,26.025860027280373
858,22.4,21.503678615420995
859,20.5,21.582899253089522
860,21.2,20.84182672372924
861,24.4,23.38009521801689
862,26.5,26.01213437109243
863,26.1,26.842509498239792
864,23.6,23.23521186711264
865,23.4,22.8674008315553
866,21.9,21.5605255731449
867,20.8,20.67402912746104
868,23.9,25.456828920199655
869,23.1,22.65583983458407
870,24.8,24.61560148999081
871,22.9,23.146872726085803
872,24.0,27.06759375815693
873,23.8,23.20206464011369
874,26.0,27.205610800492764
875,23.3,22.870920954080702
876,22.5,23.185452142968302
877,22.8,22.941349955417422
878,24.4,24.264744768913374
879,23.1,22.429660597672864
880,19.8,20.475578008828847
881,20.6,21.05222586087666
882,19.8,19.98405701796139
883,26.6,26.445660771308553
884,21.8,21.41400279488971
885,24.2,23.87321973771361
886,25.8,24.7387081024159
887,25.6,23.206761537494117
888,19.0,18.60635466989322
889,21.5,21.081959024907405
890,18.9,21.44653773610912
891,21.3,23.786770009398765
892,22.8,21.734118599491694
893,22.1,23.46366876418483
894,20.7,23.463567773083696
895,21.9,21.40025269519174
896,25.1,24.61157359856088
897,21.7,21.38488686355913
898,23.3,23.13894253622584
899,25.9,25.24606794253657
900,25.7,25.320879811332475
901,24.6,23.635905184509284
902,22.7,23.826567785535303
903,25.0,23.791446352376397
904,25.9,26.021132393212156
905,24.6,24.673561074571467
906,16.7,18.91776782748957
907,21.1,23.263792372946682
908,23.5,23.602841151171333
909,23.5,22.841886029114335
910,19.9,23.512436685902912
911,23.7,22.501852920968872
912,23.3,23.043729585250844
913,26.0,26.20116196221261
914,23.3,24.444645988242087
915,27.0,26.26682277487157
916,22.1,22.822207690130313
917,22.4,23.357862310969722
918,22.5,23.471730315782906
919,25.3,24.743759431811895
920,25.9,24.93374496335855
921,22.2,25.16908875350009
922,17.5,23.946426264196134
923,25.2,24.222104333750053
924,23.3,24.22062652038028
925,24.2,24.400258566563707
926,23.7,26.28255688203967
927,18.6,20.4574246178787
928,22.3,21.84195327507655
929,23.1,24.08111203033866
930,25.8,25.76856686852409
931,23.5,23.74416318896772
932,21.8,21.639918178895186
933,24.2,24.215855665633967
934,21.3,21.837215505289805
935,22.4,24.150226393156004
936,23.6,24.581824032593204
937,25.6,24.852227885643174
938,25.7,24.676169155261164
939,20.0,23.393813945877014
940,22.3,22.365760881189885
941,24.6,24.58564279140205
942,20.7,20.467965027839114
943,24.8,23.308429859797116
944,25.6,24.556828091498915
945,18.0,18.830385157639853
946,19.9,20.11000065299436
947,22.2,21.056950488780785
948,25.1,25.297080064312354
949,24.1,23.51215881144185
950,22.6,22.03299554872865
951,20.7,21.144569709577922
952,25.8,24.548341197479317
953,21.9,20.334696570863002
954,22.3,22.790836388203502
955,23.6,22.351792451921597
956,21.3,21.048019876969533
957,22.1,23.592384546975495
958,20.8,22.38649931374107
959,24.5,23.80847257141363
960,27.0,25.375779487376008
961,20.4,20.44546529262834
962,24.0,23.70526289434531
963,24.8,24.37493291379087
964,23.3,23.331932322202533
965,21.1,21.704587226109652
966,21.5,20.97048662796101
967,19.0,19.819092375289415
968,23.2,23.003994471265173
969,23.5,22.97509217083018
970,25.5,25.0458554522005
971,24.5,24.750240448716568
972,20.2,21.134117487880644
973,25.1,23.17754722328573
974,24.0,24.460854790440976
975,27.3,27.006783022186482
976,24.2,24.574989052997353
977,26.2,25.063144822605864
978,22.8,22.794842283610024
979,25.1,24.235073087552905
980,21.0,21.685244465414826
981,23.0,24.558166651068063
982,17.5,18.412993701838218
983,25.6,25.018757579991643
984,19.7,21.185545986958687
985,25.8,25.061271203223328
986,24.7,24.36223813835329
987,18.7,20.87843338124071
988,24.3,23.081784395768977
989,26.4,25.395085489812573
990,22.0,21.84303519235698
991,21.6,23.09895974844369
992,22.7,22.557009535688962
993,21.6,21.454059243191182
994,19.3,19.357423783607373
995,26.9,26.485105868317874
996,21.0,20.711203842091095
997,27.6,26.189537600328094
998,18.9,13.462009985377676
999,23.3,23.83925476452589
1000,21.4,22.34028635901325
1001,24.3,23.337178786133904
1002,22.6,22.49672173735803
1003,25.4,24.625084492487645
1004,26.0,25.107439051977963
1005,24.7,23.827601371811966
1006,25.9,25.706007510019845
1007,22.9,23.613766277895138
1008,21.1,20.971493633326645
1009,22.1,21.30883523555576
1010,23.1,22.74807936242371
1011,25.5,25.091443558463766
1012,22.5,23.654293918434064
1013,21.3,19.794325462323513
1014,22.6,22.455100433946882
1015,21.8,21.347757665728636
1016,23.0,26.337553612349325
1017,21.3,20.1716539710319
1018,21.4,20.72097829087795
1019,23.7,22.746585808450618
1020,24.6,24.643872852016102
1021,22.1,22.054994988864678
1022,23.5,24.74195484840095
1023,21.9,23.11861015408806
1024,21.8,21.20440237259254
1025,20.8,20.437301058188837
1026,25.4,26.43800241563406
1027,22.8,22.98039439476247
1028,22.0,22.128663739507374
1029,27.1,26.879910981860235
1030,25.3,24.921022981430156
1031,23.9,23.339457483682395
1032,17.4,21.349013030698984
1033,19.0,21.14671684272969
1034,25.7,24.66924803655877
1035,23.8,23.44109371985394
1036,21.9,24.776037359748557
1037,24.4,24.91248589630004
1038,25.3,24.250341932648325
1039,21.1,21.047262006828305
1040,24.9,24.669404179350067
1041,24.3,23.212059730747228
1042,22.3,22.056278370047835
1043,21.9,22.597852188838147
1044,23.8,24.239779536775018
1045,23.1,23.324731511457117
1046,19.1,19.240459413459803
1047,23.0,22.425840092749127
1048,24.1,23.813214202098493
1049,21.8,21.66438654866988
1050,24.7,24.586090894980657
1051,27.1,26.88558842658449
1052,22.3,22.503493416559877
1053,26.2,24.995770313152548
1054,20.4,21.966949455600457
1055,23.8,26.90451346170653
1056,26.2,25.787464447700586
1057,25.0,23.69720698270669
1058,23.5,23.014026043041213
1059,21.5,21.985759728603625
1060,19.7,20.021194796709096
1061,17.8,20.13717089528427
1062,26.1,26.01375153718311
1063,24.2,24.794595274258313
1064,26.3,25.459621198548916
1065,24.0,23.718412144469085
1066,19.1,20.48579941010621
1067,23.2,21.79516826024212
1068,22.3,21.458493332907665
1069,25.1,23.35550564227833
1070,21.5,21.232390615766803
1071,24.0,24.360191458818917
1072,24.6,22.273060619868943
1073,25.8,25.124903354839148
1074,24.7,23.437134211234934
1075,24.1,23.913411086987367
1076,20.4,20.57509894185614
1077,21.6,21.97990441416016
1078,25.3,24.535051663703143
1079,22.2,22.090222622829288
1080,20.2,22.05224435681987
1081,23.0,22.726036321836773
1082,24.3,24.878698490905435
1083,26.2,25.415364328699866
1084,26.4,25.271146638515347
1085,23.6,24.153737835775473
1086,22.6,21.373369406714005
1087,18.8,20.242878907205636
1088,22.5,22.681867209305665
1089,21.2,21.773950352965244
1090,24.8,24.280878761173994
1091,23.6,24.03866228203924
1092,27.6,27.826509598315624
1093,24.9,25.381638439568633
1094,23.2,22.29821478552924
1095,25.0,24.706408135391598
1096,23.7,25.14932620893444
1097,24.6,24.56996400178366
1098,22.8,21.560932491730455
1099,22.2,22.026826693793055
1100,23.2,23.413650977408224
1101,23.1,22.122786899306107
1102,25.4,25.036736124205618
1103,19.1,19.645201944177302
1104,24.2,23.707236595061318
1105,27.7,26.82388411402428
1106,21.6,20.463168835884062
1107,16.5,18.947038944141127
1108,23.4,23.554762529443792
1109,18.7,18.654859375925753
1110,21.6,23.213192942236105
1111,25.8,26.063385298180037
1112,22.6,23.060412659461804
1113,23.9,23.289506137445983
1114,26.6,25.36386849946598
1115,23.6,25.26285271603524
1116,22.6,22.75979967336673
1117,26.3,25.72169956880657
1118,24.5,25.139765607998925
1119,15.4,17.834050348208848
1120,27.2,25.086824450630047
1121,21.4,20.256742492018475
1122,23.3,23.02158434622197
1123,21.2,23.975981628768523
1124,25.7,24.291373154032158
1125,24.5,24.47550760133356
1126,25.0,25.15306588593353
1127,24.6,25.8878174102083
1128,17.9,19.305684358226586
1129,20.8,20.527550488704264
1130,22.6,23.751691046125643
1131,25.0,24.27032432127669
1132,22.9,22.112365870251665
1133,26.1,27.226485309674786
1134,21.4,22.197749313261397
1135,20.0,21.3541132899652
1136,23.5,23.163026661269214
1137,22.5,22.661450053717203
1138,24.1,23.990231806019437
1139,21.5,22.28353440872695
1140,24.2,25.106507726184645
1141,20.2,19.320438705102674
1142,20.1,20.693599034491513
1143,24.5,23.212697243768844
1144,24.8,23.928557502958142
1145,23.9,23.901188574559228
1146,23.8,23.007951929515002
1147,21.4,22.322584951974363
1148,27.5,26.961765529163245
1149,23.9,24.100106448405768
1150,22.2,21.400674772336743
1151,25.3,23.793720101876488
1152,23.6,22.96122442322053
1153,21.6,21.780966696095106
1154,21.5,21.45728976975829
1155,24.8,25.581024413452838
1156,22.7,22.202297383208816
1157,22.2,23.245598136238073
1158,27.3,25.30007466145264
1159,22.2,21.944872692991908
1160,25.0,24.392776361326696
1161,24.6,25.244091892463985
1162,21.9,20.697028101338447
1163,24.3,23.722892519458128
1164,20.1,21.29064850526038
1165,17.8,20.35294168773578
1166,24.4,23.775779837391042
1167,23.5,22.98963458861681
1168,22.4,20.61956396603307
1169,22.5,23.401056338865487
1170,26.4,25.897794532156695
1171,26.9,25.950916509610465
1172,22.5,23.143999041485927
1173,20.5,21.60469416019714
1174,25.1,24.539476861307207
1175,25.5,24.39003496800899
1176,28.2,25.38339053683626
1177,18.0,19.960231894395065
1178,16.7,18.521421569979566
1179,22.6,22.36151430872701
1180,23.8,23.832836818117585
1181,24.7,24.470028256260434
1182,26.1,25.519879214205275
1183,24.0,23.469731424070233
1184,23.9,23.1260812613192
1185,23.1,23.44976228436542
1186,23.7,24.677655988184938
1187,22.2,23.86428981226743
1188,21.8,21.278009451781486
1189,23.7,24.483301250938325
1190,20.6,23.02212877826196
1191,24.3,24.583962500656412
1192,20.3,21.285593955110244
1193,23.0,22.280319594516072
1194,22.1,22.541611700239173
1195,18.2,18.623082964348214
1196,26.0,24.478759862932634
1197,24.4,23.335826075855607
1198,20.6,19.760777260396367
1199,20.3,20.055368950045136
1200,24.0,23.08192706279806
1201,26.2,24.074076660004835
1202,26.4,25.882068892666098
1203,23.2,23.744082643945262
1204,21.9,21.848371355206268
1205,25.3,24.921515042417695
1206,23.3,22.401769880050097
1207,21.4,21.79923402631482
1208,22.5,22.57105813753958
1209,24.0,23.384068892384562
1210,23.6,24.479526812056633
1211,25.5,25.473662986951126
1212,21.4,20.17478264859335
1213,27.0,25.88766026462065
1214,21.2,22.955474901360276
1215,26.4,25.64513849586683
1216,23.4,21.03190300814788
1217,23.1,23.55094274856799
1218,23.1,22.529732278398
1219,20.2,24.9399806156124
1220,20.2,19.292592481905444
1221,21.4,21.541957451591884
1222,17.2,18.996637440153336
1223,22.9,20.75491111091867
1224,23.6,23.74340596455886
1225,21.1,20.51903986080731
1226,22.6,22.043842299966173
1227,24.6,24.219024415661238
1228,23.6,23.560403800475342
1229,20.1,20.527651304952997
1230,26.7,26.327444493330972
1231,19.0,19.1766406164096
1232,20.5,21.644666647251483
1233,23.7,23.954533735828363
1234,18.0,19.93318484336737
1235,23.3,22.334201841983145
1236,26.3,25.90212685145002
1237,24.8,25.856908175330773
1238,21.0,21.65396733110242
1239,26.0,25.009228953718434
1240,22.6,24.465254957381376
1241,21.2,23.94628351136771
1242,27.6,27.308132131521575
1243,22.2,21.83209749142111
1244,26.4,24.951448583849697
1245,21.5,21.857182166555845
1246,23.8,22.77253613484106
1247,21.4,21.31833149530246
1248,22.9,23.72928950049095
1249,26.4,27.18561344706518
1250,21.3,21.985046456300097
1251,21.0,22.546139667510943
1252,21.7,23.455817058160846
1253,21.5,22.17709133796643
1254,22.2,23.207770639790624
1255,23.1,23.210102897685147
1256,22.1,23.491669598476847
1257,22.9,23.350527677248238
1258,18.4,19.62377459163349
1259,27.0,26.278626562125396
1260,26.3,25.89323537424559
1261,23.7,23.37403862743099
1262,22.6,22.289195835999863
1263,24.4,22.929196652570795
1264,26.2,26.434344175044657
1265,21.5,21.26306029260195
1266,19.8,22.559434295427877
1267,24.0,23.6053251867595
1268,24.4,24.381222673670095
1269,22.2,23.84299220028049
1270,26.1,25.78407482287696
1271,21.9,22.081090178640352
1272,24.9,24.989793357114877
1273,24.1,23.195062315732002
1274,23.2,21.58119804850469
1275,20.2,22.33309561567478
1276,23.2,24.703094923700633
1277,21.8,21.06164119958828
1278,27.3,26.18406650496479
1279,26.0,25.50418466544363
1280,22.9,23.193176158234564
1281,27.7,26.54621823105174
1282,23.0,23.580398805573736
1283,19.8,22.642378258212716
1284,23.8,22.665054509283664
1285,20.5,21.30039004704986
1286,22.7,24.234219711466153
1287,24.4,23.798192181047853
1288,17.0,19.342258928921524
1289,24.0,23.222634547536018
1290,22.5,23.344300917358737
1291,22.4,21.563789974229053
1292,22.9,22.87122476935076
1293,18.2,19.2498235881078
1294,22.5,22.23496006829862
1295,24.5,22.754040113237693
1296,25.7,24.430546703321852
1297,27.1,26.820692603823545
1298,24.9,25.022211247380483
1299,25.5,26.28709473677077
1300,21.8,22.67613440248124
1301,23.3,23.77563529915369
1302,22.6,24.034341091410965
1303,19.1,20.45328773171252
1304,23.3,25.847725840254384
1305,19.0,19.994713007618657
1306,19.4,20.302198196651716
1307,23.8,23.731916815587965
1308,21.6,20.57131120182919
1309,25.5,25.14347215244743
1310,23.9,22.592951583097033
1311,24.1,23.438770750614026
1312,20.1,20.294374407276337
1313,25.1,25.131506366496183
1314,17.9,19.00991248837977
1315,26.9,25.904556198281625
1316,17.7,19.34747359227879
1317,20.3,21.72687219222746
1318,23.9,23.26725005007563
1319,24.3,24.145901753032945
1320,23.4,25.511692100301957
1321,20.9,20.8159698447721
1322,19.4,22.369207950078817
1323,27.3,27.17762219477413
1324,22.3,22.994886053622054
1325,23.7,24.02501133406804
1326,23.2,23.952016961455797
1327,25.7,24.500403130086283
1328,25.5,25.01528660021495
1329,22.1,21.258902982693712
1330,24.2,23.26161468635064
1331,23.1,23.12993571329548
1332,25.1,26.21326334107539
1333,24.9,24.08377934782061
1334,18.4,21.992895242325858
1335,26.1,25.516638202892636
1336,21.3,22.08932034775114
1337,22.8,23.299261955929637
1338,23.1,22.26103017315222
1339,26.5,24.714030230155686
1340,25.5,24.742634897845278
1341,23.4,24.51965326925074
1342,24.5,24.14163249159833
1343,27.9,27.12310311389058
1344,24.4,23.465521146905644
1345,26.8,25.626906507323497
1346,19.6,19.909740660230568
1347,23.2,22.226490770627947
1348,22.4,22.427817460141682
1349,18.5,20.9836708774302
1350,18.6,18.748548182377817
1351,20.2,20.616015480268516
1352,23.1,23.391661275512888
1353,24.1,24.363299371981043
1354,24.9,24.902227687065192
1355,24.0,23.357903512845837
1356,19.0,24.1611685976153
1357,21.1,21.372118481167945
1358,25.5,23.951426869441093
1359,23.9,23.254798712449656
1360,26.1,25.065322595401426
1361,23.5,22.925607910579288
1362,26.6,26.219711098835205
1363,20.7,20.938267857348592
1364,22.2,23.32493914533677
1365,25.2,24.646167092056658
1366,24.1,21.631108605621534
1367,25.7,26.098060596086498
1368,24.0,23.418904464947786
1369,19.9,19.64230582150003
1370,21.3,20.21917959065854
1371,27.5,27.098668465102264
1372,22.1,22.189044266603787
1373,23.8,25.26281580493435
1374,24.3,23.443233531601095
1375,23.1,23.264852298729238
1376,22.1,23.159078759967883
1377,19.2,19.813801516325498
1378,23.8,22.28579167321061
1379,15.8,19.359360137471526
1380,21.4,21.616424274299447
1381,24.0,25.97297994815051
1382,22.4,22.01602163177006
1383,26.6,25.08672458791534
1384,23.2,23.195378088193365
1385,20.9,20.65906974287634
1386,24.4,23.976934718146026
1387,22.4,23.53232110441229
1388,24.1,24.176592287451513
1389,26.0,24.554212076945532
1390,22.2,21.37106278583701
1391,18.7,19.149860537681093
1392,21.0,21.89097393922384
1393,23.8,22.017253985036746
1394,27.2,26.766157516554927
1395,21.1,20.780269890276145
1396,23.9,22.2295798688358
1397,24.0,24.82889882001234
1398,25.7,25.725584677068127
1399,19.2,21.01951708450872
1400,20.9,21.841885430463208
1401,16.5,20.182925303826664
1402,23.8,23.99352580369657
1403,23.1,22.629263750198675
1404,23.8,22.952682320092663
1405,22.0,21.369560099725845
1406,24.3,24.01748683881192
1407,17.2,19.609282747577367
1408,22.2,22.755007199755482
1409,26.6,26.500578358744974
1410,20.8,22.147332157757432
1411,23.4,23.241527982721095
1412,24.9,24.126768064070802
1413,22.1,24.10592392232911
1414,26.8,26.317826039158717
1415,18.7,20.61235856165456
1416,22.8,22.541639353972187
1417,23.9,23.730473889129826
1418,23.0,21.46640426373301
1419,26.9,26.860940360837162
1420,21.4,21.205408400454644
1421,27.6,27.25556642297022
1422,27.0,27.294238822714874
1423,22.6,23.24240169267648
1424,25.8,25.614868839928818
1425,20.2,21.309177342247608
1426,24.8,24.848401706834352
1427,22.8,22.66696426353883
1428,19.7,20.090151407010467
1429,21.2,22.486544963514575
1430,23.9,22.424308669347738
1431,20.5,22.455061728088367
1432,22.3,21.234233771170693
1433,22.8,22.917040700046186
1434,22.0,23.194499299831705
1435,24.1,23.126214468548824
1436,23.9,23.271878751025724
1437,22.7,22.660280699634086
1438,24.1,22.691690271171638
1439,22.2,22.58538843480767
1440,21.8,22.589290166842602
1441,26.6,26.116892435337377
1442,20.4,21.05123025020623
1443,23.2,23.682207645730045
1444,24.2,23.94262328903642
1445,20.4,20.95690792515427
1446,23.9,23.461363644154744
1447,24.1,23.021701879160673
1448,22.9,22.77905637003198
1449,27.0,26.47886321135718
1450,24.8,21.84845349545253
1451,23.4,22.788908067940042
1452,22.4,21.68111479566653
1453,23.7,22.946581750293717
1454,22.9,22.37618429287238
1455,20.0,19.724794900810707
1456,22.4,24.4387958080016
1457,23.1,23.590598140629822
1458,26.7,25.438457883007004
1459,23.5,25.99494637587088
1460,26.4,25.840401680609716
1461,18.4,18.102867045338712
1462,19.8,19.978391364847994
1463,22.1,22.169900824059823
1464,24.3,24.056127518129642
1465,27.1,26.383273877222564
1466,26.5,24.993885537008737
1467,28.3,27.69322393339371
1468,20.9,20.623555163075935
1469,23.6,24.279185751644036
1470,25.4,24.655417370176565
1471,27.2,27.22473711992086
1472,22.5,21.23199733584954
1473,27.2,26.191533760242464
1474,23.0,23.190132589275436
1475,26.4,26.73923463816766
1476,22.9,24.812108377469826
1477,28.3,27.18037804466485
1478,27.8,26.94775436845464
1479,27.4,27.17846592111914
1480,24.8,23.808429034562096
1481,26.5,25.420369914579624
1482,22.1,22.90138051055203
1483,23.6,24.252811037395986
1484,24.5,22.94054308340492
1485,24.5,25.241398538239082
1486,18.8,20.17800067903397
1487,24.6,23.27796632931893
1488,23.1,23.523390042679694
1489,19.1,18.344198592510338
1490,20.1,19.629775045393558
1491,20.8,21.937598593051348
1492,23.2,21.445599395360887
1493,23.2,22.005803163694168
1494,24.1,24.960069737033905
1495,21.7,24.2543938173593
1496,23.5,24.695342242706147
1497,25.3,25.074795925415856
1498,24.8,24.07301883609898
1499,19.8,21.885923951566838
1500,22.9,22.54150929570619
1501,21.0,21.0601862547079
1502,22.6,23.511234971964882
1503,22.6,22.367985355116957
1504,24.0,22.09484434182241
1505,20.8,21.884676874107072
1506,21.3,22.920188686110578
1507,23.0,22.398945433800236
1508,24.2,25.286510222585548
1509,22.6,22.886614965559033
1510,22.9,23.3817165158149
1511,27.9,27.0951842324032
1512,25.2,24.993884372023558
1513,26.4,25.055091186825507
1514,19.2,20.320218399431155
1515,25.9,26.11436617045365
1516,23.2,23.11920644787881
1517,23.1,22.974639982653798
